Workbook

Sheet Armes
D1: Stats globales | P1: Capacité Air-Sol (note /5) | X1: Capacité AA (note /5) | AB1: Interception (note /5)
A2: Arme | B2: Source | C2: Type | D2: Méthode ciblage | E2: Pénétration | F2: Explosif (kg éq. TNT) | G2: Coût (M$) | H2: Explosif / M$ | I2: Portée min (m) | J2: Portée max (m) | K2: Vitesse max (m/s) | L2: Vitesse indicielle (/10) | M2: Méthode d'approche | N2: Besoin laser ? (Oui/Non) | O2: Fire and Forget (Oui/Non) | P2: Véhicules légers | Q2: Chars | R2: Bâtiments légers | S2: Gros bâtiments | T2: Bunker | U2: Navire léger | V2: Navire moyen | W2: Porte-avions | X2: Petit avion | Y2: Moyen avion | Z2: Gros avion | AA2: Virage / Agilité | AB2: Signature radar (RCS wiki, valeur brute) | AC2: Signature IR | AD2: Résistance laser | AE2: Difficulté à toucher (site AA complet)
A3: ??? (variante 3) | B3: Jeu de base | C3: Autre / équipement | D3: Optique/TV (opérateur) | E3: 1500 | F3: 2 | G3: 0 | J3: 7000 | K3: =IFERROR(INDEX('Vitesse (calcul)'!$P$21:$P$153,MATCH($A3&"|"&$B3,'Vitesse (calcul)'!$A$21:$A$153,0)),"N/A") -> 597.88 | L3: =IFERROR(INDEX('Vitesse (calcul)'!$S$21:$S$153,MATCH($A3&"|"&$B3,'Vitesse (calcul)'!$A$21:$A$153,0)),"N/A") -> 2.7 | M3: loft 0.2; évasion zigzag 0.1
A4: GS25 | B4: Jeu de base | C4: Autre / équipement | D4: Optique/TV (opérateur) | E4: 1200 | F4: 15 | G4: 0.04 | H4: 375 | I4: 1000 | J4: 10000 | K4: =IFERROR(INDEX('Vitesse (calcul)'!$P$21:$P$153,MATCH($A4&"|"&$B4,'Vitesse (calcul)'!$A$21:$A$153,0)),"N/A") -> N/A | L4: =IFERROR(INDEX('Vitesse (calcul)'!$S$21:$S$153,MATCH($A4&"|"&$B4,'Vitesse (calcul)'!$A$21:$A$153,0)),"N/A") -> N/A | M4: loft 0.5
A5: ??? (variante 1) | B5: Jeu de base | C5: Bombe | D5: Optique (bombe) | E5: 2000 | F5: 11000 | G5: 0 | J5: 10000 | K5: =IFERROR(INDEX('Vitesse (calcul)'!$P$21:$P$153,MATCH($A5&"|"&$B5,'Vitesse (calcul)'!$A$21:$A$153,0)),"N/A") -> N/A | L5: =IFERROR(INDEX('Vitesse (calcul)'!$S$21:$S$153,MATCH($A5&"|"&$B5,'Vitesse (calcul)'!$A$21:$A$153,0)),"N/A") -> N/A
A6: CBO-400 | B6: Jeu de base | C6: Bombe | D6: Optique (bombe) | E6: 0 | F6: 0 | G6: 0.36 | H6: 0 | J6: 5000 | K6: =IFERROR(INDEX('Vitesse (calcul)'!$P$21:$P$153,MATCH($A6&"|"&$B6,'Vitesse (calcul)'!$A$21:$A$153,0)),"N/A") -> N/A | L6: =IFERROR(INDEX('Vitesse (calcul)'!$S$21:$S$153,MATCH($A6&"|"&$B6,'Vitesse (calcul)'!$A$21:$A$153,0)),"N/A") -> N/A | P6: 5 | Q6: 5 | R6: 4 | S6: 3 | T6: 0 | U6: 4 | V6: 3 | W6: 0 | AB6: 0.15 | AC6: 0 | AD6: 4 | AE6: 3
A7: Demolition Bomb | B7: Jeu de base | C7: Bombe | D7: Optique (bombe) | E7: 2000 | F7: 11000 | G7: 0.15 | H7: 73333.333 | J7: 5000 | K7: =IFERROR(INDEX('Vitesse (calcul)'!$P$21:$P$153,MATCH($A7&"|"&$B7,'Vitesse (calcul)'!$A$21:$A$153,0)),"N/A") -> N/A | L7: =IFERROR(INDEX('Vitesse (calcul)'!$S$21:$S$153,MATCH($A7&"|"&$B7,'Vitesse (calcul)'!$A$21:$A$153,0)),"N/A") -> N/A | P7: 5 | Q7: 5 | R7: 5 | S7: 5 | T7: 5 | U7: 5 | V7: 5 | W7: 4 | AB7: 1 | AC7: 0 | AD7: 2 | AE7: 1
A8: GPO-2P Auger | B8: Jeu de base | C8: Bombe | D8: Optique (bombe) | E8: 3000 | F8: 800 | G8: 0.15 | H8: 5333.3333 | J8: 5000 | K8: =IFERROR(INDEX('Vitesse (calcul)'!$P$21:$P$153,MATCH($A8&"|"&$B8,'Vitesse (calcul)'!$A$21:$A$153,0)),"N/A") -> N/A | L8: =IFERROR(INDEX('Vitesse (calcul)'!$S$21:$S$153,MATCH($A8&"|"&$B8,'Vitesse (calcul)'!$A$21:$A$153,0)),"N/A") -> N/A | P8: 5 | Q8: 5 | R8: 5 | S8: 4 | T8: 5 | U8: 5 | V8: 4 | W8: 3 | AB8: 0.2 | AC8: 0 | AD8: 5 | AE8: 1
A9: GPO-500 | B9: Jeu de base | C9: Bombe | D9: Optique (bombe) | E9: 500 | F9: 400 | G9: 0.02 | H9: 20000 | J9: 5000 | K9: =IFERROR(INDEX('Vitesse (calcul)'!$P$21:$P$153,MATCH($A9&"|"&$B9,'Vitesse (calcul)'!$A$21:$A$153,0)),"N/A") -> N/A | L9: =IFERROR(INDEX('Vitesse (calcul)'!$S$21:$S$153,MATCH($A9&"|"&$B9,'Vitesse (calcul)'!$A$21:$A$153,0)),"N/A") -> N/A | P9: 5 | Q9: 4 | R9: 5 | S9: 4 | T9: 5 | U9: 5 | V9: 3 | W9: 2 | AB9: 0.15 | AC9: 0 | AD9: 5 | AE9: 1
A10: PAB-125 | B10: Jeu de base | C10: Bombe | D10: Optique (bombe) | E10: 200 | F10: 100 | G10: 0.01 | H10: 10000 | J10: 4000 | K10: =IFERROR(INDEX('Vitesse (calcul)'!$P$21:$P$153,MATCH($A10&"|"&$B10,'Vitesse (calcul)'!$A$21:$A$153,0)),"N/A") -> N/A | L10: =IFERROR(INDEX('Vitesse (calcul)'!$S$21:$S$153,MATCH($A10&"|"&$B10,'Vitesse (calcul)'!$A$21:$A$153,0)),"N/A") -> N/A | P10: 5 | Q10: 2 | R10: 4 | S10: 3 | T10: 0 | U10: 4 | V10: 2 | W10: 0 | AB10: 0.05 | AC10: 0 | AD10: 1 | AE10: 0
A11: PAB-125HD | B11: Jeu de base | C11: Bombe | D11: Optique (bombe) | E11: 200 | F11: 100 | G11: 0.01 | H11: 10000 | J11: 4000 | K11: =IFERROR(INDEX('Vitesse (calcul)'!$P$21:$P$153,MATCH($A11&"|"&$B11,'Vitesse (calcul)'!$A$21:$A$153,0)),"N/A") -> N/A | L11: =IFERROR(INDEX('Vitesse (calcul)'!$S$21:$S$153,MATCH($A11&"|"&$B11,'Vitesse (calcul)'!$A$21:$A$153,0)),"N/A") -> N/A | P11: 5 | Q11: 2 | R11: 4 | S11: 3 | T11: 0 | U11: 4 | V11: 2 | W11: 0 | AB11: 0.05 | AC11: 0 | AD11: 2 | AE11: 0
A12: PAB-250 | B12: Jeu de base | C12: Bombe | D12: Optique (bombe) | E12: 350 | F12: 200 | G12: 0.015 | H12: 13333.333 | J12: 5000 | K12: =IFERROR(INDEX('Vitesse (calcul)'!$P$21:$P$153,MATCH($A12&"|"&$B12,'Vitesse (calcul)'!$A$21:$A$153,0)),"N/A") -> N/A | L12: =IFERROR(INDEX('Vitesse (calcul)'!$S$21:$S$153,MATCH($A12&"|"&$B12,'Vitesse (calcul)'!$A$21:$A$153,0)),"N/A") -> N/A | P12: 5 | Q12: 3 | R12: 5 | S12: 3 | T12: 2 | U12: 4 | V12: 3 | W12: 1 | AB12: 0.1 | AC12: 0 | AD12: 3 | AE12: 1
A13: GPO-N (1.5kt) | B13: Jeu de base | C13: Bombe nucléaire | D13: Optique (bombe) | E13: 500 | F13: 1500000 | G13: 28 | H13: 53571.429 | J13: 5000 | K13: =IFERROR(INDEX('Vitesse (calcul)'!$P$21:$P$153,MATCH($A13&"|"&$B13,'Vitesse (calcul)'!$A$21:$A$153,0)),"N/A") -> N/A | L13: =IFERROR(INDEX('Vitesse (calcul)'!$S$21:$S$153,MATCH($A13&"|"&$B13,'Vitesse (calcul)'!$A$21:$A$153,0)),"N/A") -> N/A
A14: GPO-N (250kt) | B14: Jeu de base | C14: Bombe nucléaire | D14: Optique (bombe) | E14: 500 | F14: 250000000 | G14: 28 | H14: 8928571.4 | J14: 5000 | K14: =IFERROR(INDEX('Vitesse (calcul)'!$P$21:$P$153,MATCH($A14&"|"&$B14,'Vitesse (calcul)'!$A$21:$A$153,0)),"N/A") -> N/A | L14: =IFERROR(INDEX('Vitesse (calcul)'!$S$21:$S$153,MATCH($A14&"|"&$B14,'Vitesse (calcul)'!$A$21:$A$153,0)),"N/A") -> N/A
A15: GBM-500LR | B15: Jeu de base | C15: Bombe planante guidée | D15: Optique/TV (opérateur) | E15: 250 | F15: 0 | G15: 2.5 | H15: 0 | I15: 1000 | J15: 10000 | K15: =IFERROR(INDEX('Vitesse (calcul)'!$P$21:$P$153,MATCH($A15&"|"&$B15,'Vitesse (calcul)'!$A$21:$A$153,0)),"N/A") -> N/A | L15: =IFERROR(INDEX('Vitesse (calcul)'!$S$21:$S$153,MATCH($A15&"|"&$B15,'Vitesse (calcul)'!$A$21:$A$153,0)),"N/A") -> N/A | M15: datalink; loft 0.05; attaque par le haut (proba 1.0, 1000-50000 m) | P15: 5 | Q15: 5 | R15: 4 | S15: 3 | T15: 0 | U15: 4 | V15: 3 | W15: 0 | AB15: 0.001 | AC15: 0 | AD15: 5 | AE15: 4
A16: PAB-250LR | B16: Jeu de base | C16: Bombe planante guidée | D16: Optique/TV (opérateur) | E16: 350 | F16: 200 | G16: 0.105 | H16: 1904.7619 | I16: 1000 | J16: 10000 | K16: =IFERROR(INDEX('Vitesse (calcul)'!$P$21:$P$153,MATCH($A16&"|"&$B16,'Vitesse (calcul)'!$A$21:$A$153,0)),"N/A") -> N/A | L16: =IFERROR(INDEX('Vitesse (calcul)'!$S$21:$S$153,MATCH($A16&"|"&$B16,'Vitesse (calcul)'!$A$21:$A$153,0)),"N/A") -> N/A | M16: datalink; loft 0.05 | P16: 5 | Q16: 3 | R16: 4 | S16: 3 | T16: 1 | U16: 4 | V16: 3 | W16: 1 | AB16: 0.1 | AC16: 0 | AD16: 3 | AE16: 0
A17: PAB-80LR | B17: Jeu de base | C17: Bombe planante guidée | D17: Optique/TV (opérateur) | E17: 0 | F17: 80 | G17: 0.06 | H17: 1333.3333 | I17: 1000 | J17: 10000 | K17: =IFERROR(INDEX('Vitesse (calcul)'!$P$21:$P$153,MATCH($A17&"|"&$B17,'Vitesse (calcul)'!$A$21:$A$153,0)),"N/A") -> N/A | L17: =IFERROR(INDEX('Vitesse (calcul)'!$S$21:$S$153,MATCH($A17&"|"&$B17,'Vitesse (calcul)'!$A$21:$A$153,0)),"N/A") -> N/A | M17: datalink; loft 0.05 | P17: 5 | Q17: 0 | R17: 4 | S17: 3 | T17: 0 | U17: 4 | V17: 2 | W17: 0 | AB17: 0.001 | AC17: 0 | AD17: 0 | AE17: 0
A18: Radar Jamming Pod | B18: Jeu de base | C18: Brouilleur (nacelle) | G18: 0 | J18: 50000 | K18: =IFERROR(INDEX('Vitesse (calcul)'!$P$21:$P$153,MATCH($A18&"|"&$B18,'Vitesse (calcul)'!$A$21:$A$153,0)),"N/A") -> N/A | L18: =IFERROR(INDEX('Vitesse (calcul)'!$S$21:$S$153,MATCH($A18&"|"&$B18,'Vitesse (calcul)'!$A$21:$A$153,0)),"N/A") -> N/A
A19: 12.7mm Machine Gun | B19: Jeu de base | C19: Canon / mitrailleuse / lance-grenade | E19: 160 | F19: 0 | G19: 3e-06 | H19: 0 | J19: 1800 | K19: =IFERROR(INDEX('Vitesse (calcul)'!$P$21:$P$153,MATCH($A19&"|"&$B19,'Vitesse (calcul)'!$A$21:$A$153,0)),"N/A") -> 850 | L19: =IFERROR(INDEX('Vitesse (calcul)'!$S$21:$S$153,MATCH($A19&"|"&$B19,'Vitesse (calcul)'!$A$21:$A$153,0)),"N/A") -> 4.5 | P19: 1 | Q19: 0 | R19: 0 | S19: 0 | T19: 0 | U19: 0 | V19: 0 | W19: 0 | X19: 0 | Y19: 0 | Z19: 0
A20: 12.7mm Rotary Machine Gun | B20: Jeu de base | C20: Canon / mitrailleuse / lance-grenade | E20: 160 | F20: 0 | G20: 3e-06 | H20: 0 | J20: 2500 | K20: =IFERROR(INDEX('Vitesse (calcul)'!$P$21:$P$153,MATCH($A20&"|"&$B20,'Vitesse (calcul)'!$A$21:$A$153,0)),"N/A") -> 850 | L20: =IFERROR(INDEX('Vitesse (calcul)'!$S$21:$S$153,MATCH($A20&"|"&$B20,'Vitesse (calcul)'!$A$21:$A$153,0)),"N/A") -> 4.5 | P20: 1 | Q20: 0 | R20: 0 | S20: 0 | T20: 0 | U20: 0 | V20: 0 | W20: 0 | X20: 0 | Y20: 0 | Z20: 0
A21: 127mm Cannon | B21: Jeu de base | C21: Canon / mitrailleuse / lance-grenade | E21: 700 | F21: 0.7 | G21: 0.08 | H21: 8.75 | J21: 40000 | K21: =IFERROR(INDEX('Vitesse (calcul)'!$P$21:$P$153,MATCH($A21&"|"&$B21,'Vitesse (calcul)'!$A$21:$A$153,0)),"N/A") -> 850 | L21: =IFERROR(INDEX('Vitesse (calcul)'!$S$21:$S$153,MATCH($A21&"|"&$B21,'Vitesse (calcul)'!$A$21:$A$153,0)),"N/A") -> 4.5 | P21: 4 | Q21: 2 | R21: 1 | S21: 0 | T21: 0 | U21: 1 | V21: 0 | W21: 0
A22: 130mm Cannon | B22: Jeu de base | C22: Canon / mitrailleuse / lance-grenade | E22: 2500 | F22: 5 | G22: 0.003 | H22: 1666.6667 | J22: 4500 | K22: =IFERROR(INDEX('Vitesse (calcul)'!$P$21:$P$153,MATCH($A22&"|"&$B22,'Vitesse (calcul)'!$A$21:$A$153,0)),"N/A") -> 1700 | L22: =IFERROR(INDEX('Vitesse (calcul)'!$S$21:$S$153,MATCH($A22&"|"&$B22,'Vitesse (calcul)'!$A$21:$A$153,0)),"N/A") -> 8.8 | P22: 5 | Q22: 5 | R22: 3 | S22: 2 | T22: 3 | U22: 2 | V22: 1 | W22: 0
A23: 155mm Cannon | B23: Jeu de base | C23: Canon / mitrailleuse / lance-grenade | E23: 700 | F23: 15 | G23: 0.08 | H23: 187.5 | J23: 40000 | K23: =IFERROR(INDEX('Vitesse (calcul)'!$P$21:$P$153,MATCH($A23&"|"&$B23,'Vitesse (calcul)'!$A$21:$A$153,0)),"N/A") -> 850 | L23: =IFERROR(INDEX('Vitesse (calcul)'!$S$21:$S$153,MATCH($A23&"|"&$B23,'Vitesse (calcul)'!$A$21:$A$153,0)),"N/A") -> 4.5 | P23: 5 | Q23: 2 | R23: 3 | S23: 2 | T23: 0 | U23: 3 | V23: 1 | W23: 0
A24: 155mm Railgun | B24: Jeu de base | C24: Canon / mitrailleuse / lance-grenade | E24: 3000 | F24: 20 | G24: 0.03 | H24: 666.66667 | I24: 300 | J24: 50000 | K24: =IFERROR(INDEX('Vitesse (calcul)'!$P$21:$P$153,MATCH($A24&"|"&$B24,'Vitesse (calcul)'!$A$21:$A$153,0)),"N/A") -> 2380 | L24: =IFERROR(INDEX('Vitesse (calcul)'!$S$21:$S$153,MATCH($A24&"|"&$B24,'Vitesse (calcul)'!$A$21:$A$153,0)),"N/A") -> 9.7 | P24: 5 | Q24: 5 | R24: 3 | S24: 2 | T24: 3 | U24: 3 | V24: 2 | W24: 0
A25: 20mm Autocannon | B25: Jeu de base | C25: Canon / mitrailleuse / lance-grenade | E25: 400 | F25: 0.01 | G25: 3e-05 | H25: 333.33333 | J25: 2000 | K25: =IFERROR(INDEX('Vitesse (calcul)'!$P$21:$P$153,MATCH($A25&"|"&$B25,'Vitesse (calcul)'!$A$21:$A$153,0)),"N/A") -> 1100 | L25: =IFERROR(INDEX('Vitesse (calcul)'!$S$21:$S$153,MATCH($A25&"|"&$B25,'Vitesse (calcul)'!$A$21:$A$153,0)),"N/A") -> 7.1 | P25: 3 | Q25: 0 | R25: 0 | S25: 0 | T25: 0 | U25: 0 | V25: 0 | W25: 0 | X25: 1 | Y25: 0 | Z25: 0
A26: 20mm Rotary Cannon (variante 1) | B26: Jeu de base | C26: Canon / mitrailleuse / lance-grenade | E26: 400 | F26: 0.01 | G26: 0.0002 | H26: 50 | J26: 3000 | K26: =IFERROR(INDEX('Vitesse (calcul)'!$P$21:$P$153,MATCH($A26&"|"&$B26,'Vitesse (calcul)'!$A$21:$A$153,0)),"N/A") -> 1100 | L26: =IFERROR(INDEX('Vitesse (calcul)'!$S$21:$S$153,MATCH($A26&"|"&$B26,'Vitesse (calcul)'!$A$21:$A$153,0)),"N/A") -> 7.1 | P26: 3 | Q26: 0 | R26: 0 | S26: 0 | T26: 0 | U26: 0 | V26: 0 | W26: 0 | X26: 1 | Y26: 0 | Z26: 0
A27: 20mm Rotary Cannon (variante 2) | B27: Jeu de base | C27: Canon / mitrailleuse / lance-grenade | E27: 400 | F27: 0.01 | G27: 3e-05 | H27: 333.33333 | J27: 1800 | K27: =IFERROR(INDEX('Vitesse (calcul)'!$P$21:$P$153,MATCH($A27&"|"&$B27,'Vitesse (calcul)'!$A$21:$A$153,0)),"N/A") -> 1100 | L27: =IFERROR(INDEX('Vitesse (calcul)'!$S$21:$S$153,MATCH($A27&"|"&$B27,'Vitesse (calcul)'!$A$21:$A$153,0)),"N/A") -> 7.1 | P27: 3 | Q27: 0 | R27: 0 | S27: 0 | T27: 0 | U27: 0 | V27: 0 | W27: 0 | X27: 1 | Y27: 0 | Z27: 0
A28: 20mm Rotary Cannon (variante 3) | B28: Jeu de base | C28: Canon / mitrailleuse / lance-grenade | E28: 400 | F28: 0.01 | G28: 3e-05 | H28: 333.33333 | J28: 1600 | K28: =IFERROR(INDEX('Vitesse (calcul)'!$P$21:$P$153,MATCH($A28&"|"&$B28,'Vitesse (calcul)'!$A$21:$A$153,0)),"N/A") -> 1040 | L28: =IFERROR(INDEX('Vitesse (calcul)'!$S$21:$S$153,MATCH($A28&"|"&$B28,'Vitesse (calcul)'!$A$21:$A$153,0)),"N/A") -> 5.6 | P28: 3 | Q28: 0 | R28: 0 | S28: 0 | T28: 0 | U28: 0 | V28: 0 | W28: 0 | X28: 1 | Y28: 0 | Z28: 0
A29: 23mm Autocannon | B29: Jeu de base | C29: Canon / mitrailleuse / lance-grenade | E29: 420 | F29: 0.04 | G29: 6e-05 | H29: 666.66667 | J29: 3000 | K29: =IFERROR(INDEX('Vitesse (calcul)'!$P$21:$P$153,MATCH($A29&"|"&$B29,'Vitesse (calcul)'!$A$21:$A$153,0)),"N/A") -> 980 | L29: =IFERROR(INDEX('Vitesse (calcul)'!$S$21:$S$153,MATCH($A29&"|"&$B29,'Vitesse (calcul)'!$A$21:$A$153,0)),"N/A") -> 5.2 | P29: 3 | Q29: 0 | R29: 0 | S29: 0 | T29: 0 | U29: 0 | V29: 0 | W29: 0 | X29: 1 | Y29: 1 | Z29: 0
A30: 25mm Autocannon | B30: Jeu de base | C30: Canon / mitrailleuse / lance-grenade | E30: 420 | F30: 0.04 | G30: 6e-05 | H30: 666.66667 | J30: 2200 | K30: =IFERROR(INDEX('Vitesse (calcul)'!$P$21:$P$153,MATCH($A30&"|"&$B30,'Vitesse (calcul)'!$A$21:$A$153,0)),"N/A") -> 1100 | L30: =IFERROR(INDEX('Vitesse (calcul)'!$S$21:$S$153,MATCH($A30&"|"&$B30,'Vitesse (calcul)'!$A$21:$A$153,0)),"N/A") -> 7.1 | P30: 3 | Q30: 0 | R30: 0 | S30: 0 | T30: 0 | U30: 0 | V30: 0 | W30: 0 | X30: 1 | Y30: 1 | Z30: 0
A31: 25mm Rotary Cannon | B31: Jeu de base | C31: Canon / mitrailleuse / lance-grenade | E31: 500 | F31: 0.04 | G31: 4e-05 | H31: 1000 | J31: 1800 | K31: =IFERROR(INDEX('Vitesse (calcul)'!$P$21:$P$153,MATCH($A31&"|"&$B31,'Vitesse (calcul)'!$A$21:$A$153,0)),"N/A") -> 1100 | L31: =IFERROR(INDEX('Vitesse (calcul)'!$S$21:$S$153,MATCH($A31&"|"&$B31,'Vitesse (calcul)'!$A$21:$A$153,0)),"N/A") -> 7.1 | P31: 4 | Q31: 1 | R31: 0 | S31: 0 | T31: 0 | U31: 0 | V31: 0 | W31: 0 | X31: 1 | Y31: 1 | Z31: 0
A32: 27mm Autocannon | B32: Jeu de base | C32: Canon / mitrailleuse / lance-grenade | E32: 500 | F32: 0.05 | G32: 5e-05 | H32: 1000 | J32: 2000 | K32: =IFERROR(INDEX('Vitesse (calcul)'!$P$21:$P$153,MATCH($A32&"|"&$B32,'Vitesse (calcul)'!$A$21:$A$153,0)),"N/A") -> 1100 | L32: =IFERROR(INDEX('Vitesse (calcul)'!$S$21:$S$153,MATCH($A32&"|"&$B32,'Vitesse (calcul)'!$A$21:$A$153,0)),"N/A") -> 7.1 | P32: 4 | Q32: 1 | R32: 0 | S32: 0 | T32: 0 | U32: 0 | V32: 0 | W32: 0 | X32: 1 | Y32: 1 | Z32: 0
A33: 30mm Cannon | B33: Jeu de base | C33: Canon / mitrailleuse / lance-grenade | E33: 400 | F33: 0.1 | G33: 0.0003 | H33: 333.33333 | J33: 4000 | K33: =IFERROR(INDEX('Vitesse (calcul)'!$P$21:$P$153,MATCH($A33&"|"&$B33,'Vitesse (calcul)'!$A$21:$A$153,0)),"N/A") -> 1200 | L33: =IFERROR(INDEX('Vitesse (calcul)'!$S$21:$S$153,MATCH($A33&"|"&$B33,'Vitesse (calcul)'!$A$21:$A$153,0)),"N/A") -> 7.9 | P33: 3 | Q33: 0 | R33: 0 | S33: 0 | T33: 0 | U33: 0 | V33: 0 | W33: 0 | X33: 1 | Y33: 0 | Z33: 0
A34: 30mm Chaingun | B34: Jeu de base | C34: Canon / mitrailleuse / lance-grenade | E34: 650 | F34: 0.1 | G34: 6e-05 | H34: 1666.6667 | J34: 2000 | K34: =IFERROR(INDEX('Vitesse (calcul)'!$P$21:$P$153,MATCH($A34&"|"&$B34,'Vitesse (calcul)'!$A$21:$A$153,0)),"N/A") -> 805 | L34: =IFERROR(INDEX('Vitesse (calcul)'!$S$21:$S$153,MATCH($A34&"|"&$B34,'Vitesse (calcul)'!$A$21:$A$153,0)),"N/A") -> 3.7 | P34: 4 | Q34: 2 | R34: 0 | S34: 0 | T34: 0 | U34: 0 | V34: 0 | W34: 0 | X34: 1
A35: 30mm Rotary Cannon (variante 1) | B35: Jeu de base | C35: Canon / mitrailleuse / lance-grenade | E35: 650 | F35: 0.03 | G35: 6e-05 | H35: 500 | J35: 3000 | K35: =IFERROR(INDEX('Vitesse (calcul)'!$P$21:$P$153,MATCH($A35&"|"&$B35,'Vitesse (calcul)'!$A$21:$A$153,0)),"N/A") -> 1100 | L35: =IFERROR(INDEX('Vitesse (calcul)'!$S$21:$S$153,MATCH($A35&"|"&$B35,'Vitesse (calcul)'!$A$21:$A$153,0)),"N/A") -> 7.1 | P35: 4 | Q35: 2 | R35: 0 | S35: 0 | T35: 0 | U35: 0 | V35: 0 | W35: 0 | X35: 1 | Y35: 1 | Z35: 0
A36: 30mm Rotary Cannon (variante 2) | B36: Jeu de base | C36: Canon / mitrailleuse / lance-grenade | E36: 500 | F36: 0.1 | G36: 6e-05 | H36: 1666.6667 | J36: 2000 | K36: =IFERROR(INDEX('Vitesse (calcul)'!$P$21:$P$153,MATCH($A36&"|"&$B36,'Vitesse (calcul)'!$A$21:$A$153,0)),"N/A") -> 825 | L36: =IFERROR(INDEX('Vitesse (calcul)'!$S$21:$S$153,MATCH($A36&"|"&$B36,'Vitesse (calcul)'!$A$21:$A$153,0)),"N/A") -> 4 | P36: 4 | Q36: 1 | R36: 0 | S36: 0 | T36: 0 | U36: 0 | V36: 0 | W36: 0 | X36: 1 | Y36: 1 | Z36: 0
A37: 35mm Autocannon | B37: Jeu de base | C37: Canon / mitrailleuse / lance-grenade | E37: 800 | F37: 0.15 | G37: 0.00012 | H37: 1250 | J37: 3000 | K37: =IFERROR(INDEX('Vitesse (calcul)'!$P$21:$P$153,MATCH($A37&"|"&$B37,'Vitesse (calcul)'!$A$21:$A$153,0)),"N/A") -> 1175 | L37: =IFERROR(INDEX('Vitesse (calcul)'!$S$21:$S$153,MATCH($A37&"|"&$B37,'Vitesse (calcul)'!$A$21:$A$153,0)),"N/A") -> 7.7 | P37: 4 | Q37: 3 | R37: 0 | S37: 0 | T37: 0 | U37: 0 | V37: 0 | W37: 0 | X37: 1 | Y37: 1 | Z37: 1
A38: 40mm Cannon | B38: Jeu de base | C38: Canon / mitrailleuse / lance-grenade | E38: 550 | F38: 0.2 | G38: 0.0009 | H38: 222.22222 | J38: 7500 | K38: =IFERROR(INDEX('Vitesse (calcul)'!$P$21:$P$153,MATCH($A38&"|"&$B38,'Vitesse (calcul)'!$A$21:$A$153,0)),"N/A") -> 1100 | L38: =IFERROR(INDEX('Vitesse (calcul)'!$S$21:$S$153,MATCH($A38&"|"&$B38,'Vitesse (calcul)'!$A$21:$A$153,0)),"N/A") -> 7.1 | P38: 4 | Q38: 1 | R38: 0 | S38: 0 | T38: 0 | U38: 0 | V38: 0 | W38: 0 | X38: 1 | Y38: 1 | Z38: 0
A39: 40mm GMG | B39: Jeu de base | C39: Canon / mitrailleuse / lance-grenade | E39: 650 | F39: 0.3 | G39: 0.00012 | H39: 2500 | I39: 30 | J39: 2200 | K39: =IFERROR(INDEX('Vitesse (calcul)'!$P$21:$P$153,MATCH($A39&"|"&$B39,'Vitesse (calcul)'!$A$21:$A$153,0)),"N/A") -> 240 | L39: =IFERROR(INDEX('Vitesse (calcul)'!$S$21:$S$153,MATCH($A39&"|"&$B39,'Vitesse (calcul)'!$A$21:$A$153,0)),"N/A") -> 1.3 | P39: 4 | Q39: 2 | R39: 0 | S39: 0 | T39: 0 | U39: 0 | V39: 0 | W39: 0
A40: 40mm Grenade | B40: Jeu de base | C40: Canon / mitrailleuse / lance-grenade | E40: 650 | F40: 0.3 | G40: 0.00012 | H40: 2500 | I40: 30 | J40: 400 | K40: =IFERROR(INDEX('Vitesse (calcul)'!$P$21:$P$153,MATCH($A40&"|"&$B40,'Vitesse (calcul)'!$A$21:$A$153,0)),"N/A") -> 110 | L40: =IFERROR(INDEX('Vitesse (calcul)'!$S$21:$S$153,MATCH($A40&"|"&$B40,'Vitesse (calcul)'!$A$21:$A$153,0)),"N/A") -> 1.1 | P40: 4 | Q40: 2 | R40: 0 | S40: 0 | T40: 0 | U40: 0 | V40: 0 | W40: 0
A41: 57mm Cannon (variante 1) | B41: Jeu de base | C41: Canon / mitrailleuse / lance-grenade | E41: 600 | F41: 0.5 | G41: 0.001 | H41: 500 | J41: 9000 | K41: =IFERROR(INDEX('Vitesse (calcul)'!$P$21:$P$153,MATCH($A41&"|"&$B41,'Vitesse (calcul)'!$A$21:$A$153,0)),"N/A") -> 1000 | L41: =IFERROR(INDEX('Vitesse (calcul)'!$S$21:$S$153,MATCH($A41&"|"&$B41,'Vitesse (calcul)'!$A$21:$A$153,0)),"N/A") -> 5.4 | P41: 4 | Q41: 2 | R41: 1 | S41: 0 | T41: 0 | U41: 1 | V41: 0 | W41: 0 | X41: 2 | Y41: 1 | Z41: 1
A42: 57mm Cannon (variante 2) | B42: Jeu de base | C42: Canon / mitrailleuse / lance-grenade | E42: 650 | F42: 0.5 | G42: 0.0012 | H42: 416.66667 | J42: 9000 | K42: =IFERROR(INDEX('Vitesse (calcul)'!$P$21:$P$153,MATCH($A42&"|"&$B42,'Vitesse (calcul)'!$A$21:$A$153,0)),"N/A") -> 1100 | L42: =IFERROR(INDEX('Vitesse (calcul)'!$S$21:$S$153,MATCH($A42&"|"&$B42,'Vitesse (calcul)'!$A$21:$A$153,0)),"N/A") -> 7.1 | P42: 4 | Q42: 2 | R42: 1 | S42: 0 | T42: 0 | U42: 1 | V42: 0 | W42: 0 | X42: 2 | Y42: 1 | Z42: 1
A43: 57mm Cannon (variante 3) | B43: Jeu de base | C43: Canon / mitrailleuse / lance-grenade | E43: 750 | F43: 0.5 | G43: 0.0012 | H43: 416.66667 | J43: 6000 | K43: =IFERROR(INDEX('Vitesse (calcul)'!$P$21:$P$153,MATCH($A43&"|"&$B43,'Vitesse (calcul)'!$A$21:$A$153,0)),"N/A") -> 1100 | L43: =IFERROR(INDEX('Vitesse (calcul)'!$S$21:$S$153,MATCH($A43&"|"&$B43,'Vitesse (calcul)'!$A$21:$A$153,0)),"N/A") -> 7.1 | P43: 4 | Q43: 3 | R43: 1 | S43: 0 | T43: 0 | U43: 1 | V43: 0 | W43: 0 | X43: 2 | Y43: 2 | Z43: 1
A44: 57mm Cannon (variante 4) | B44: Jeu de base | C44: Canon / mitrailleuse / lance-grenade | E44: 650 | F44: 0.5 | G44: 0.0012 | H44: 416.66667 | J44: 5500 | K44: =IFERROR(INDEX('Vitesse (calcul)'!$P$21:$P$153,MATCH($A44&"|"&$B44,'Vitesse (calcul)'!$A$21:$A$153,0)),"N/A") -> 1100 | L44: =IFERROR(INDEX('Vitesse (calcul)'!$S$21:$S$153,MATCH($A44&"|"&$B44,'Vitesse (calcul)'!$A$21:$A$153,0)),"N/A") -> 7.1 | P44: 4 | Q44: 2 | R44: 1 | S44: 0 | T44: 0 | U44: 1 | V44: 0 | W44: 0 | X44: 2 | Y44: 1 | Z44: 1
A45: 70mm Light AT | B45: Jeu de base | C45: Canon / mitrailleuse / lance-grenade | E45: 800 | F45: 2.5 | G45: 0.0009 | H45: 2777.7778 | I45: 10 | J45: 1000 | K45: =IFERROR(INDEX('Vitesse (calcul)'!$P$21:$P$153,MATCH($A45&"|"&$B45,'Vitesse (calcul)'!$A$21:$A$153,0)),"N/A") -> 280 | L45: =IFERROR(INDEX('Vitesse (calcul)'!$S$21:$S$153,MATCH($A45&"|"&$B45,'Vitesse (calcul)'!$A$21:$A$153,0)),"N/A") -> 1.5 | P45: 5 | Q45: 3 | R45: 2 | S45: 1 | T45: 0 | U45: 2 | V45: 1 | W45: 0
A46: 76mm Cannon (variante 1) | B46: Jeu de base | C46: Canon / mitrailleuse / lance-grenade | E46: 700 | F46: 0.7 | G46: 0.015 | H46: 46.666667 | J46: 25000 | K46: =IFERROR(INDEX('Vitesse (calcul)'!$P$21:$P$153,MATCH($A46&"|"&$B46,'Vitesse (calcul)'!$A$21:$A$153,0)),"N/A") -> 760 | L46: =IFERROR(INDEX('Vitesse (calcul)'!$S$21:$S$153,MATCH($A46&"|"&$B46,'Vitesse (calcul)'!$A$21:$A$153,0)),"N/A") -> 3 | P46: 4 | Q46: 2 | R46: 1 | S46: 0 | T46: 0 | U46: 1 | V46: 0 | W46: 0
A47: 76mm Cannon (variante 2) | B47: Jeu de base | C47: Canon / mitrailleuse / lance-grenade | E47: 700 | F47: 0.7 | G47: 0.015 | H47: 46.666667 | J47: 25000 | K47: =IFERROR(INDEX('Vitesse (calcul)'!$P$21:$P$153,MATCH($A47&"|"&$B47,'Vitesse (calcul)'!$A$21:$A$153,0)),"N/A") -> 950 | L47: =IFERROR(INDEX('Vitesse (calcul)'!$S$21:$S$153,MATCH($A47&"|"&$B47,'Vitesse (calcul)'!$A$21:$A$153,0)),"N/A") -> 5.1 | P47: 4 | Q47: 2 | R47: 1 | S47: 0 | T47: 0 | U47: 1 | V47: 0 | W47: 0
A48: ??? (variante 2) | B48: Jeu de base | C48: Canon / mitrailleuse / lance-grenade | E48: 700 | F48: 1 | G48: 6e-05 | H48: 16666.667 | J48: 1500 | K48: =IFERROR(INDEX('Vitesse (calcul)'!$P$21:$P$153,MATCH($A48&"|"&$B48,'Vitesse (calcul)'!$A$21:$A$153,0)),"N/A") -> 400 | L48: =IFERROR(INDEX('Vitesse (calcul)'!$S$21:$S$153,MATCH($A48&"|"&$B48,'Vitesse (calcul)'!$A$21:$A$153,0)),"N/A") -> 2.3
A49: ??? (variante 4) | B49: Jeu de base | C49: Canon / mitrailleuse / lance-grenade | E49: 100 | F49: 2 | G49: 0 | J49: 1000 | K49: =IFERROR(INDEX('Vitesse (calcul)'!$P$21:$P$153,MATCH($A49&"|"&$B49,'Vitesse (calcul)'!$A$21:$A$153,0)),"N/A") -> 5000 | L49: =IFERROR(INDEX('Vitesse (calcul)'!$S$21:$S$153,MATCH($A49&"|"&$B49,'Vitesse (calcul)'!$A$21:$A$153,0)),"N/A") -> 10
A50: Light Machine Gun | B50: Jeu de base | C50: Canon / mitrailleuse / lance-grenade | E50: 100 | F50: 0 | G50: 1e-06 | H50: 0 | J50: 1000 | K50: =IFERROR(INDEX('Vitesse (calcul)'!$P$21:$P$153,MATCH($A50&"|"&$B50,'Vitesse (calcul)'!$A$21:$A$153,0)),"N/A") -> 920 | L50: =IFERROR(INDEX('Vitesse (calcul)'!$S$21:$S$153,MATCH($A50&"|"&$B50,'Vitesse (calcul)'!$A$21:$A$153,0)),"N/A") -> 5 | P50: 0 | Q50: 0 | R50: 0 | S50: 0 | T50: 0 | U50: 0 | V50: 0 | W50: 0 | X50: 0 | Y50: 0 | Z50: 0
A51: AAM-29 Scythe | B51: Jeu de base | C51: Missile | D51: Radar actif (ARH) | E51: 400 | F51: 19 | G51: 0.89 | H51: 21.348315 | I51: 2000 | J51: 35000 | K51: =IFERROR(INDEX('Vitesse (calcul)'!$P$21:$P$153,MATCH($A51&"|"&$B51,'Vitesse (calcul)'!$A$21:$A$153,0)),"N/A") -> 1150 | L51: =IFERROR(INDEX('Vitesse (calcul)'!$S$21:$S$153,MATCH($A51&"|"&$B51,'Vitesse (calcul)'!$A$21:$A$153,0)),"N/A") -> 7.2 | M51: loft 0.7; évasion zigzag 0.2; phase terminale à 12000 m | X51: 5 | Y51: 4 | Z51: 3
A52: AAM-36 Scimitar | B52: Jeu de base | C52: Missile | D52: Radar actif (ARH) | E52: 400 | F52: 25 | G52: 2.1 | H52: 11.904762 | I52: 5000 | J52: 100000 | K52: =IFERROR(INDEX('Vitesse (calcul)'!$P$21:$P$153,MATCH($A52&"|"&$B52,'Vitesse (calcul)'!$A$21:$A$153,0)),"N/A") -> 1276.111 | L52: =IFERROR(INDEX('Vitesse (calcul)'!$S$21:$S$153,MATCH($A52&"|"&$B52,'Vitesse (calcul)'!$A$21:$A$153,0)),"N/A") -> 8.3 | M52: loft 0.1; évasion zigzag 0.3; phase terminale à 12000 m | X52: 5 | Y52: 4 | Z52: 3
A53: AGM-48 | B53: Jeu de base | C53: Missile | D53: Optique/TV (opérateur) | E53: 1550 | F53: 9 | G53: 0.09 | H53: 100 | I53: 1000 | J53: 10000 | K53: =IFERROR(INDEX('Vitesse (calcul)'!$P$21:$P$153,MATCH($A53&"|"&$B53,'Vitesse (calcul)'!$A$21:$A$153,0)),"N/A") -> 357.5 | L53: =IFERROR(INDEX('Vitesse (calcul)'!$S$21:$S$153,MATCH($A53&"|"&$B53,'Vitesse (calcul)'!$A$21:$A$153,0)),"N/A") -> 2.1 | M53: datalink; loft 0.2; évasion zigzag 0.1; évite le relief | P53: 5 | Q53: 5 | R53: 3 | S53: 1 | T53: 0 | U53: 3 | V53: 1 | W53: 0 | AB53: 0.02 | AC53: 1 | AD53: 1 | AE53: 0
A54: AGM-68 | B54: Jeu de base | C54: Missile | D54: Optique/TV (opérateur) | E54: 2500 | F54: 130 | G54: 0.12 | H54: 1083.3333 | I54: 1000 | J54: 15000 | K54: =IFERROR(INDEX('Vitesse (calcul)'!$P$21:$P$153,MATCH($A54&"|"&$B54,'Vitesse (calcul)'!$A$21:$A$153,0)),"N/A") -> 393.333 | L54: =IFERROR(INDEX('Vitesse (calcul)'!$S$21:$S$153,MATCH($A54&"|"&$B54,'Vitesse (calcul)'!$A$21:$A$153,0)),"N/A") -> 2.2 | M54: datalink; loft 0.2; évasion zigzag 0.07; évite le relief | P54: 5 | Q54: 5 | R54: 5 | S54: 3 | T54: 0 | U54: 4 | V54: 3 | W54: 0 | AB54: 0.05 | AC54: 2 | AD54: 2 | AE54: 1
A55: AGM-99 | B55: Jeu de base | C55: Missile | D55: Optique croisière | E55: 150 | F55: 250 | G55: 1.25 | H55: 200 | I55: 1000 | J55: 100000 | K55: =IFERROR(INDEX('Vitesse (calcul)'!$P$21:$P$153,MATCH($A55&"|"&$B55,'Vitesse (calcul)'!$A$21:$A$153,0)),"N/A") -> 309.722 | L55: =IFERROR(INDEX('Vitesse (calcul)'!$S$21:$S$153,MATCH($A55&"|"&$B55,'Vitesse (calcul)'!$A$21:$A$153,0)),"N/A") -> 1.8 | M55: attaque par le haut (proba 0.25, 700-2000 m); rase-flots/rase-sol 6.0 m; évasion zigzag 0.2; accélération terminale (500-8000 m); phase terminale à 8000 m | P55: 5 | Q55: 4 | R55: 5 | S55: 3 | T55: 0 | U55: 4 | V55: 3 | W55: 1 | AB55: 0.008 | AC55: 3 | AD55: 2 | AE55: 1
A56: ALM-C450 | B56: Jeu de base | C56: Missile | D56: Optique croisière | E56: 1000 | F56: 450 | G56: 1.5 | H56: 300 | I56: 2000 | J56: 1000000 | K56: =IFERROR(INDEX('Vitesse (calcul)'!$P$21:$P$153,MATCH($A56&"|"&$B56,'Vitesse (calcul)'!$A$21:$A$153,0)),"N/A") -> 344.722 | L56: =IFERROR(INDEX('Vitesse (calcul)'!$S$21:$S$153,MATCH($A56&"|"&$B56,'Vitesse (calcul)'!$A$21:$A$153,0)),"N/A") -> 1.9 | M56: rase-flots/rase-sol 12.0 m; phase terminale à 3000 m | P56: 5 | Q56: 5 | R56: 5 | S56: 4 | T56: 4 | U56: 5 | V56: 3 | W56: 2 | AB56: 0.005 | AC56: 3 | AD56: 2 | AE56: 1
A57: ARAD-116 | B57: Jeu de base | C57: Missile | D57: Anti-radar (ARM) | E57: 0 | F57: 70 | G57: 0.68 | H57: 102.94118 | I57: 1000 | J57: 60000 | K57: =IFERROR(INDEX('Vitesse (calcul)'!$P$21:$P$153,MATCH($A57&"|"&$B57,'Vitesse (calcul)'!$A$21:$A$153,0)),"N/A") -> 1011.389 | L57: =IFERROR(INDEX('Vitesse (calcul)'!$S$21:$S$153,MATCH($A57&"|"&$B57,'Vitesse (calcul)'!$A$21:$A$153,0)),"N/A") -> 5.5 | M57: loft 0.3; évasion zigzag 0.2
A58: ARAD-45 | B58: Jeu de base | C58: Missile | D58: Anti-radar (ARM) | E58: 0 | F58: 32 | G58: 0.39 | H58: 82.051282 | I58: 1000 | J58: 25000 | K58: =IFERROR(INDEX('Vitesse (calcul)'!$P$21:$P$153,MATCH($A58&"|"&$B58,'Vitesse (calcul)'!$A$21:$A$153,0)),"N/A") -> 1156.87 | L58: =IFERROR(INDEX('Vitesse (calcul)'!$S$21:$S$153,MATCH($A58&"|"&$B58,'Vitesse (calcul)'!$A$21:$A$153,0)),"N/A") -> 7.3 | M58: loft 0.3
A59: AShM-300 | B59: Jeu de base | C59: Missile | D59: Optique croisière | E59: 300 | F59: 300 | G59: 2 | H59: 150 | I59: 5000 | J59: 250000 | K59: =IFERROR(INDEX('Vitesse (calcul)'!$P$21:$P$153,MATCH($A59&"|"&$B59,'Vitesse (calcul)'!$A$21:$A$153,0)),"N/A") -> 426.667 | L59: =IFERROR(INDEX('Vitesse (calcul)'!$S$21:$S$153,MATCH($A59&"|"&$B59,'Vitesse (calcul)'!$A$21:$A$153,0)),"N/A") -> 2.4 | M59: rase-flots/rase-sol 8.0 m; évasion zigzag 0.05; phase terminale à 5000 m | P59: 5 | Q59: 4 | R59: 5 | S59: 4 | T59: 3 | U59: 4 | V59: 3 | W59: 2 | AB59: 0.005 | AC59: 3 | AD59: 2 | AE59: 1
A60: AT-145 | B60: Jeu de base | C60: Missile | D60: Optique/TV (opérateur) | E60: 1600 | F60: 8 | G60: 0.08 | H60: 100 | I60: 500 | J60: 4000 | K60: =IFERROR(INDEX('Vitesse (calcul)'!$P$21:$P$153,MATCH($A60&"|"&$B60,'Vitesse (calcul)'!$A$21:$A$153,0)),"N/A") -> 252.222 | L60: =IFERROR(INDEX('Vitesse (calcul)'!$S$21:$S$153,MATCH($A60&"|"&$B60,'Vitesse (calcul)'!$A$21:$A$153,0)),"N/A") -> 1.4 | M60: datalink; loft 0.1 | P60: 5 | Q60: 5 | R60: 3 | S60: 2 | T60: 0 | U60: 3 | V60: 1 | W60: 0 | AB60: 0.02 | AC60: 1 | AD60: 1 | AE60: 0
A61: ATP-1 | B61: Jeu de base | C61: Missile | D61: Optique/TV (opérateur) | E61: 2500 | F61: 8 | G61: 0.1 | H61: 80 | I61: 1000 | J61: 8000 | K61: =IFERROR(INDEX('Vitesse (calcul)'!$P$21:$P$153,MATCH($A61&"|"&$B61,'Vitesse (calcul)'!$A$21:$A$153,0)),"N/A") -> 297.222 | L61: =IFERROR(INDEX('Vitesse (calcul)'!$S$21:$S$153,MATCH($A61&"|"&$B61,'Vitesse (calcul)'!$A$21:$A$153,0)),"N/A") -> 1.6 | M61: datalink; loft 0.1; attaque par le haut (proba 1.0, 300-8000 m); angle d'attaque haut 60.0° | P61: 5 | Q61: 5 | R61: 3 | S61: 1 | T61: 0 | U61: 3 | V61: 1 | W61: 0 | AB61: 0.02 | AC61: 1 | AD61: 2 | AE61: 0
A62: Eyeball Mk.II | B62: Jeu de base | C62: Missile | D62: Optique/TV (opérateur) | E62: 300 | F62: 0 | G62: 0.09 | H62: 0 | I62: 1000 | J62: 10000 | K62: =IFERROR(INDEX('Vitesse (calcul)'!$P$21:$P$153,MATCH($A62&"|"&$B62,'Vitesse (calcul)'!$A$21:$A$153,0)),"N/A") -> 350 | L62: =IFERROR(INDEX('Vitesse (calcul)'!$S$21:$S$153,MATCH($A62&"|"&$B62,'Vitesse (calcul)'!$A$21:$A$153,0)),"N/A") -> 2 | M62: datalink; loft 0.4; évasion zigzag 0.3; évite le relief
A63: IRM-S1 | B63: Jeu de base | C63: Missile | D63: IR | E63: 400 | F63: 3 | G63: 0.04 | H63: 75 | I63: 200 | J63: 5000 | K63: =IFERROR(INDEX('Vitesse (calcul)'!$P$21:$P$153,MATCH($A63&"|"&$B63,'Vitesse (calcul)'!$A$21:$A$153,0)),"N/A") -> 702.5 | L63: =IFERROR(INDEX('Vitesse (calcul)'!$S$21:$S$153,MATCH($A63&"|"&$B63,'Vitesse (calcul)'!$A$21:$A$153,0)),"N/A") -> 2.7 | X63: 4 | Y63: 3 | Z63: 2
A64: IRM-S2 | B64: Jeu de base | C64: Missile | D64: IR | E64: 400 | F64: 6.5 | G64: 0.18 | H64: 36.111111 | I64: 500 | J64: 10000 | K64: =IFERROR(INDEX('Vitesse (calcul)'!$P$21:$P$153,MATCH($A64&"|"&$B64,'Vitesse (calcul)'!$A$21:$A$153,0)),"N/A") -> 776.111 | L64: =IFERROR(INDEX('Vitesse (calcul)'!$S$21:$S$153,MATCH($A64&"|"&$B64,'Vitesse (calcul)'!$A$21:$A$153,0)),"N/A") -> 3.1 | X64: 4 | Y64: 4 | Z64: 3
A65: MMR-S3 | B65: Jeu de base | C65: Missile | D65: IR | E65: 400 | F65: 11 | G65: 0.36 | H65: 30.555556 | I65: 1000 | J65: 15000 | K65: =IFERROR(INDEX('Vitesse (calcul)'!$P$21:$P$153,MATCH($A65&"|"&$B65,'Vitesse (calcul)'!$A$21:$A$153,0)),"N/A") -> 786.667 | L65: =IFERROR(INDEX('Vitesse (calcul)'!$S$21:$S$153,MATCH($A65&"|"&$B65,'Vitesse (calcul)'!$A$21:$A$153,0)),"N/A") -> 3.2 | X65: 4 | Y65: 4 | Z65: 3
A66: NL-98 | B66: Jeu de base | C66: Missile | D66: Radar actif (ARH) | E66: 400 | F66: 25 | G66: 0.89 | H66: 28.089888 | I66: 2000 | J66: 50000 | K66: =IFERROR(INDEX('Vitesse (calcul)'!$P$21:$P$153,MATCH($A66&"|"&$B66,'Vitesse (calcul)'!$A$21:$A$153,0)),"N/A") -> 1256.389 | L66: =IFERROR(INDEX('Vitesse (calcul)'!$S$21:$S$153,MATCH($A66&"|"&$B66,'Vitesse (calcul)'!$A$21:$A$153,0)),"N/A") -> 8.2 | M66: loft 0.3; phase terminale à 12000 m | X66: 5 | Y66: 4 | Z66: 3
A67: Piledriver TBM | B67: Jeu de base | C67: Missile | D67: Balistique | E67: 3000 | F67: 1000 | G67: 8.35 | H67: 119.76048 | I67: 20000 | J67: 250000 | K67: =IFERROR(INDEX('Vitesse (calcul)'!$P$21:$P$153,MATCH($A67&"|"&$B67,'Vitesse (calcul)'!$A$21:$A$153,0)),"N/A") -> 1430.278 | L67: =IFERROR(INDEX('Vitesse (calcul)'!$S$21:$S$153,MATCH($A67&"|"&$B67,'Vitesse (calcul)'!$A$21:$A$153,0)),"N/A") -> 8.6 | P67: 5 | Q67: 5 | R67: 5 | S67: 5 | T67: 5 | U67: 5 | V67: 4 | W67: 3 | AB67: 0.1 | AC67: 4 | AD67: 5 | AE67: 2
A68: RAM-45 | B68: Jeu de base | C68: Missile | D68: Radar semi-actif (SARH) | E68: 400 | F68: 20 | G68: 0.2 | H68: 100 | I68: 700 | J68: 15000 | K68: =IFERROR(INDEX('Vitesse (calcul)'!$P$21:$P$153,MATCH($A68&"|"&$B68,'Vitesse (calcul)'!$A$21:$A$153,0)),"N/A") -> 1156.944 | L68: =IFERROR(INDEX('Vitesse (calcul)'!$S$21:$S$153,MATCH($A68&"|"&$B68,'Vitesse (calcul)'!$A$21:$A$153,0)),"N/A") -> 7.4 | X68: 5 | Y68: 4 | Z68: 3
A69: StratoLance R9 | B69: Jeu de base | C69: Missile | D69: Radar semi-actif (SARH) | E69: 1000 | F69: 45 | G69: 4 | H69: 11.25 | I69: 2000 | J69: 50000 | K69: =IFERROR(INDEX('Vitesse (calcul)'!$P$21:$P$153,MATCH($A69&"|"&$B69,'Vitesse (calcul)'!$A$21:$A$153,0)),"N/A") -> 1392.69 | L69: =IFERROR(INDEX('Vitesse (calcul)'!$S$21:$S$153,MATCH($A69&"|"&$B69,'Vitesse (calcul)'!$A$21:$A$153,0)),"N/A") -> 8.5 | X69: 5 | Y69: 5 | Z69: 4
A70: Tusko-B (HE) | B70: Jeu de base | C70: Missile | D70: Optique/TV (opérateur) | E70: 1500 | F70: 300 | G70: 1.65 | H70: 181.81818 | I70: 3000 | J70: 60000 | K70: =IFERROR(INDEX('Vitesse (calcul)'!$P$21:$P$153,MATCH($A70&"|"&$B70,'Vitesse (calcul)'!$A$21:$A$153,0)),"N/A") -> 908.056 | L70: =IFERROR(INDEX('Vitesse (calcul)'!$S$21:$S$153,MATCH($A70&"|"&$B70,'Vitesse (calcul)'!$A$21:$A$153,0)),"N/A") -> 4.9 | M70: datalink; loft 1.0; évasion zigzag 0.04 | P70: 5 | Q70: 5 | R70: 5 | S70: 4 | T70: 3 | U70: 4 | V70: 3 | W70: 2 | AB70: 0.07 | AC70: 3 | AD70: 3 | AE70: 2
A71: AIR-2 Genie | B71: Jeu de base | C71: Missile nucléaire | D71: Optique/TV (opérateur) | E71: 200 | F71: 1500000 | G71: 15 | H71: 100000 | I71: 10000 | J71: 11000 | K71: =IFERROR(INDEX('Vitesse (calcul)'!$P$21:$P$153,MATCH($A71&"|"&$B71,'Vitesse (calcul)'!$A$21:$A$153,0)),"N/A") -> 1048.1101 | L71: =IFERROR(INDEX('Vitesse (calcul)'!$S$21:$S$153,MATCH($A71&"|"&$B71,'Vitesse (calcul)'!$A$21:$A$153,0)),"N/A") -> 5.7
A72: ALND-4 (20kt) | B72: Jeu de base | C72: Missile nucléaire | D72: Optique croisière | E72: 0 | F72: 20000000 | G72: 32 | H72: 625000 | I72: 5000 | J72: 1000000 | K72: =IFERROR(INDEX('Vitesse (calcul)'!$P$21:$P$153,MATCH($A72&"|"&$B72,'Vitesse (calcul)'!$A$21:$A$153,0)),"N/A") -> 308.889 | L72: =IFERROR(INDEX('Vitesse (calcul)'!$S$21:$S$153,MATCH($A72&"|"&$B72,'Vitesse (calcul)'!$A$21:$A$153,0)),"N/A") -> 1.7 | M72: rase-flots/rase-sol 12.0 m; phase terminale à 2000 m
A73: Piledriver TBM (20kt) | B73: Jeu de base | C73: Missile nucléaire | D73: Balistique | E73: 1500 | F73: 20000000 | G73: 36.349998 | H73: 550206.36 | I73: 20000 | J73: 250000 | K73: =IFERROR(INDEX('Vitesse (calcul)'!$P$21:$P$153,MATCH($A73&"|"&$B73,'Vitesse (calcul)'!$A$21:$A$153,0)),"N/A") -> 1430.31 | L73: =IFERROR(INDEX('Vitesse (calcul)'!$S$21:$S$153,MATCH($A73&"|"&$B73,'Vitesse (calcul)'!$A$21:$A$153,0)),"N/A") -> 8.7
A74: MLRS Rocket | B74: Jeu de base | C74: Roquette / obus guidé | D74: Inertiel/GPS (obus) | E74: 1700 | F74: 100 | G74: 0.2 | H74: 500 | I74: 10000 | J74: 40000 | K74: =IFERROR(INDEX('Vitesse (calcul)'!$P$21:$P$153,MATCH($A74&"|"&$B74,'Vitesse (calcul)'!$A$21:$A$153,0)),"N/A") -> 810.833 | L74: =IFERROR(INDEX('Vitesse (calcul)'!$S$21:$S$153,MATCH($A74&"|"&$B74,'Vitesse (calcul)'!$A$21:$A$153,0)),"N/A") -> 3.8 | M74: datalink | P74: 5 | Q74: 5 | R74: 4 | S74: 3 | T74: 0 | U74: 4 | V74: 2 | W74: 0 | AB74: 0.02 | AC74: 3 | AD74: 0 | AE74: 0
A75: AGR-18 Lynchpin | B75: Jeu de base | C75: Roquette guidée laser | D75: Laser | E75: 800 | F75: 2.5 | G75: 0.04 | H75: 62.5 | I75: 500 | J75: 6000 | K75: =IFERROR(INDEX('Vitesse (calcul)'!$P$21:$P$153,MATCH($A75&"|"&$B75,'Vitesse (calcul)'!$A$21:$A$153,0)),"N/A") -> 745.833 | L75: =IFERROR(INDEX('Vitesse (calcul)'!$S$21:$S$153,MATCH($A75&"|"&$B75,'Vitesse (calcul)'!$A$21:$A$153,0)),"N/A") -> 2.8 | P75: 5 | Q75: 3 | R75: 2 | S75: 1 | T75: 0 | U75: 2 | V75: 1 | W75: 0 | AB75: 0.01 | AC75: 1 | AD75: 1 | AE75: 0
A76: AGR-24 Kingpin | B76: Jeu de base | C76: Roquette guidée laser | D76: Laser | E76: 1700 | F76: 10 | G76: 0.09 | H76: 111.11111 | I76: 500 | J76: 8000 | K76: =IFERROR(INDEX('Vitesse (calcul)'!$P$21:$P$153,MATCH($A76&"|"&$B76,'Vitesse (calcul)'!$A$21:$A$153,0)),"N/A") -> 753.77266 | L76: =IFERROR(INDEX('Vitesse (calcul)'!$S$21:$S$153,MATCH($A76&"|"&$B76,'Vitesse (calcul)'!$A$21:$A$153,0)),"N/A") -> 2.9 | P76: 5 | Q76: 5 | R76: 3 | S76: 1 | T76: 0 | U76: 3 | V76: 1 | W76: 0 | AB76: 0.01 | AC76: 2 | AD76: 1 | AE76: 0
A77: 120kw Laser | B77: Jeu de base | C77: Énergie / équipement | G77: 0 | J77: 15000 | K77: =IFERROR(INDEX('Vitesse (calcul)'!$P$21:$P$153,MATCH($A77&"|"&$B77,'Vitesse (calcul)'!$A$21:$A$153,0)),"N/A") -> N/A | L77: =IFERROR(INDEX('Vitesse (calcul)'!$S$21:$S$153,MATCH($A77&"|"&$B77,'Vitesse (calcul)'!$A$21:$A$153,0)),"N/A") -> N/A
A78: 20kw Laser | B78: Jeu de base | C78: Énergie / équipement | G78: 0 | J78: 4000 | K78: =IFERROR(INDEX('Vitesse (calcul)'!$P$21:$P$153,MATCH($A78&"|"&$B78,'Vitesse (calcul)'!$A$21:$A$153,0)),"N/A") -> N/A | L78: =IFERROR(INDEX('Vitesse (calcul)'!$S$21:$S$153,MATCH($A78&"|"&$B78,'Vitesse (calcul)'!$A$21:$A$153,0)),"N/A") -> N/A
A79: 80kw Laser | B79: Jeu de base | C79: Énergie / équipement | G79: 0 | J79: 8000 | K79: =IFERROR(INDEX('Vitesse (calcul)'!$P$21:$P$153,MATCH($A79&"|"&$B79,'Vitesse (calcul)'!$A$21:$A$153,0)),"N/A") -> N/A | L79: =IFERROR(INDEX('Vitesse (calcul)'!$S$21:$S$153,MATCH($A79&"|"&$B79,'Vitesse (calcul)'!$A$21:$A$153,0)),"N/A") -> N/A
A80: Radome | B80: Jeu de base | C80: Énergie / équipement | G80: 0 | K80: =IFERROR(INDEX('Vitesse (calcul)'!$P$21:$P$153,MATCH($A80&"|"&$B80,'Vitesse (calcul)'!$A$21:$A$153,0)),"N/A") -> N/A | L80: =IFERROR(INDEX('Vitesse (calcul)'!$S$21:$S$153,MATCH($A80&"|"&$B80,'Vitesse (calcul)'!$A$21:$A$153,0)),"N/A") -> N/A
A81: Special Flare | B81: Jeu de base | C81: Énergie / équipement | E81: 1 | G81: 1e-06 | J81: 2000 | K81: =IFERROR(INDEX('Vitesse (calcul)'!$P$21:$P$153,MATCH($A81&"|"&$B81,'Vitesse (calcul)'!$A$21:$A$153,0)),"N/A") -> N/A | L81: =IFERROR(INDEX('Vitesse (calcul)'!$S$21:$S$153,MATCH($A81&"|"&$B81,'Vitesse (calcul)'!$A$21:$A$153,0)),"N/A") -> N/A
A82: Special Smoke | B82: Jeu de base | C82: Énergie / équipement | E82: 1 | G82: 0 | J82: 2000 | K82: =IFERROR(INDEX('Vitesse (calcul)'!$P$21:$P$153,MATCH($A82&"|"&$B82,'Vitesse (calcul)'!$A$21:$A$153,0)),"N/A") -> N/A | L82: =IFERROR(INDEX('Vitesse (calcul)'!$S$21:$S$153,MATCH($A82&"|"&$B82,'Vitesse (calcul)'!$A$21:$A$153,0)),"N/A") -> N/A
A83: 20mm M61 Vulcan Cannon | B83: Aryx F-16M | C83: Canon / mitrailleuse / lance-grenade | E83: 400 | F83: 0.01 | G83: 3e-05 | H83: 333.33333 | J83: 1800 | K83: =IFERROR(INDEX('Vitesse (calcul)'!$P$21:$P$153,MATCH($A83&"|"&$B83,'Vitesse (calcul)'!$A$21:$A$153,0)),"N/A") -> 1100 | L83: =IFERROR(INDEX('Vitesse (calcul)'!$S$21:$S$153,MATCH($A83&"|"&$B83,'Vitesse (calcul)'!$A$21:$A$153,0)),"N/A") -> 7.1 | P83: 3 | Q83: 0 | R83: 0 | S83: 0 | T83: 0 | U83: 0 | V83: 0 | W83: 0 | X83: 1 | Y83: 0 | Z83: 0
A84: CBO-400 | B84: Aryx F-99 Shrike | C84: Bombe | D84: Optique (bombe) | E84: 0 | F84: 0 | G84: 0.36 | H84: 0 | J84: 5000 | K84: =IFERROR(INDEX('Vitesse (calcul)'!$P$21:$P$153,MATCH($A84&"|"&$B84,'Vitesse (calcul)'!$A$21:$A$153,0)),"N/A") -> N/A | L84: =IFERROR(INDEX('Vitesse (calcul)'!$S$21:$S$153,MATCH($A84&"|"&$B84,'Vitesse (calcul)'!$A$21:$A$153,0)),"N/A") -> N/A
A85: 20mm Autocannon | B85: Aryx F-99 Shrike | C85: Canon / mitrailleuse / lance-grenade | E85: 400 | F85: 0.01 | G85: 3e-05 | H85: 333.33333 | J85: 1800 | K85: =IFERROR(INDEX('Vitesse (calcul)'!$P$21:$P$153,MATCH($A85&"|"&$B85,'Vitesse (calcul)'!$A$21:$A$153,0)),"N/A") -> 1000 | L85: =IFERROR(INDEX('Vitesse (calcul)'!$S$21:$S$153,MATCH($A85&"|"&$B85,'Vitesse (calcul)'!$A$21:$A$153,0)),"N/A") -> 5.4 | P85: 3 | Q85: 0 | R85: 0 | S85: 0 | T85: 0 | U85: 0 | V85: 0 | W85: 0 | X85: 1 | Y85: 0 | Z85: 0
A86: 20mm Rotary Cannon (Hi-RPM) | B86: Aryx FS-41 Eclipse | C86: Canon / mitrailleuse / lance-grenade | E86: 400 | F86: 0.01 | G86: 3e-05 | H86: 333.33333 | J86: 2000 | K86: =IFERROR(INDEX('Vitesse (calcul)'!$P$21:$P$153,MATCH($A86&"|"&$B86,'Vitesse (calcul)'!$A$21:$A$153,0)),"N/A") -> 1250 | L86: =IFERROR(INDEX('Vitesse (calcul)'!$S$21:$S$153,MATCH($A86&"|"&$B86,'Vitesse (calcul)'!$A$21:$A$153,0)),"N/A") -> 8.1 | P86: 3 | Q86: 0 | R86: 0 | S86: 0 | T86: 0 | U86: 0 | V86: 0 | W86: 0 | X86: 1 | Y86: 0 | Z86: 0
A87: 20mm Rotary Cannon (LO-RPM) | B87: Aryx FS-41 Eclipse | C87: Canon / mitrailleuse / lance-grenade | E87: 400 | F87: 0.01 | G87: 3e-05 | H87: 333.33333 | J87: 2000 | K87: =IFERROR(INDEX('Vitesse (calcul)'!$P$21:$P$153,MATCH($A87&"|"&$B87,'Vitesse (calcul)'!$A$21:$A$153,0)),"N/A") -> 1250 | L87: =IFERROR(INDEX('Vitesse (calcul)'!$S$21:$S$153,MATCH($A87&"|"&$B87,'Vitesse (calcul)'!$A$21:$A$153,0)),"N/A") -> 8.1 | P87: 3 | Q87: 0 | R87: 0 | S87: 0 | T87: 0 | U87: 0 | V87: 0 | W87: 0 | X87: 1 | Y87: 0 | Z87: 0
A88: 30mm Autocannon | B88: Aryx FS-41 Eclipse | C88: Canon / mitrailleuse / lance-grenade | E88: 700 | F88: 0.12 | G88: 0.00012 | H88: 1000 | J88: 3000 | K88: =IFERROR(INDEX('Vitesse (calcul)'!$P$21:$P$153,MATCH($A88&"|"&$B88,'Vitesse (calcul)'!$A$21:$A$153,0)),"N/A") -> 1175 | L88: =IFERROR(INDEX('Vitesse (calcul)'!$S$21:$S$153,MATCH($A88&"|"&$B88,'Vitesse (calcul)'!$A$21:$A$153,0)),"N/A") -> 7.7 | P88: 4 | Q88: 2 | R88: 0 | S88: 0 | T88: 0 | U88: 0 | V88: 0 | W88: 0 | X88: 1 | Y88: 1 | Z88: 0
A89: AAM-45 Sabre | B89: Aryx FS-41 Eclipse | C89: Missile | D89: Radar actif (ARH) | E89: 600 | F89: 80 | G89: 5 | H89: 16 | I89: 2000 | J89: 100000 | K89: =IFERROR(INDEX('Vitesse (calcul)'!$P$21:$P$153,MATCH($A89&"|"&$B89,'Vitesse (calcul)'!$A$21:$A$153,0)),"N/A") -> 2000 | L89: =IFERROR(INDEX('Vitesse (calcul)'!$S$21:$S$153,MATCH($A89&"|"&$B89,'Vitesse (calcul)'!$A$21:$A$153,0)),"N/A") -> 9.5 | M89: loft 0.35; évasion zigzag 0.2; phase terminale à 8000 m | X89: 5 | Y89: 5 | Z89: 4
A90: SAM-85 Whirlwind | B90: Aryx FS-41 Eclipse | C90: Missile | D90: Radar semi-actif (SARH) | E90: 400 | F90: 50 | G90: 0.3 | H90: 166.66667 | I90: 700 | J90: 25000 | K90: =IFERROR(INDEX('Vitesse (calcul)'!$P$21:$P$153,MATCH($A90&"|"&$B90,'Vitesse (calcul)'!$A$21:$A$153,0)),"N/A") -> 1283.8603 | L90: =IFERROR(INDEX('Vitesse (calcul)'!$S$21:$S$153,MATCH($A90&"|"&$B90,'Vitesse (calcul)'!$A$21:$A$153,0)),"N/A") -> 8.4 | X90: 5 | Y90: 5 | Z90: 4
A91: 200kW Blue Laser | B91: Aryx FS-41 Eclipse | C91: Énergie / équipement | G91: 0 | J91: 15000 | K91: =IFERROR(INDEX('Vitesse (calcul)'!$P$21:$P$153,MATCH($A91&"|"&$B91,'Vitesse (calcul)'!$A$21:$A$153,0)),"N/A") -> N/A | L91: =IFERROR(INDEX('Vitesse (calcul)'!$S$21:$S$153,MATCH($A91&"|"&$B91,'Vitesse (calcul)'!$A$21:$A$153,0)),"N/A") -> N/A
A92: 105mm Cannon | B92: Aryx MC-260 Chimera | C92: Canon / mitrailleuse / lance-grenade | E92: 1850 | F92: 4 | G92: 0.003 | H92: 1333.3333 | J92: 4500 | K92: =IFERROR(INDEX('Vitesse (calcul)'!$P$21:$P$153,MATCH($A92&"|"&$B92,'Vitesse (calcul)'!$A$21:$A$153,0)),"N/A") -> 1865 | L92: =IFERROR(INDEX('Vitesse (calcul)'!$S$21:$S$153,MATCH($A92&"|"&$B92,'Vitesse (calcul)'!$A$21:$A$153,0)),"N/A") -> 8.9 | P92: 5 | Q92: 5 | R92: 2 | S92: 1 | T92: 0 | U92: 2 | V92: 1 | W92: 0
A93: 105mm Howitzer | B93: Aryx MC-260 Chimera | C93: Canon / mitrailleuse / lance-grenade | E93: 725 | F93: 1 | G93: 0.015 | H93: 66.666667 | J93: 30000 | K93: =IFERROR(INDEX('Vitesse (calcul)'!$P$21:$P$153,MATCH($A93&"|"&$B93,'Vitesse (calcul)'!$A$21:$A$153,0)),"N/A") -> 820 | L93: =IFERROR(INDEX('Vitesse (calcul)'!$S$21:$S$153,MATCH($A93&"|"&$B93,'Vitesse (calcul)'!$A$21:$A$153,0)),"N/A") -> 3.8 | P93: 4 | Q93: 3 | R93: 1 | S93: 1 | T93: 0 | U93: 1 | V93: 0 | W93: 0 | X93: 3
A94: 127mm Railgun | B94: Aryx MC-260 Chimera | C94: Canon / mitrailleuse / lance-grenade | E94: 2650 | F94: 10 | G94: 0.03 | H94: 333.33333 | J94: 20000 | K94: =IFERROR(INDEX('Vitesse (calcul)'!$P$21:$P$153,MATCH($A94&"|"&$B94,'Vitesse (calcul)'!$A$21:$A$153,0)),"N/A") -> 3000 | L94: =IFERROR(INDEX('Vitesse (calcul)'!$S$21:$S$153,MATCH($A94&"|"&$B94,'Vitesse (calcul)'!$A$21:$A$153,0)),"N/A") -> 9.9 | P94: 5 | Q94: 5 | R94: 3 | S94: 2 | T94: 3 | U94: 3 | V94: 2 | W94: 0 | X94: 4
A95: 152mm Cannon | B95: Aryx MC-260 Chimera | C95: Canon / mitrailleuse / lance-grenade | E95: 700 | F95: 10 | G95: 0.08 | H95: 125 | J95: 40000 | K95: =IFERROR(INDEX('Vitesse (calcul)'!$P$21:$P$153,MATCH($A95&"|"&$B95,'Vitesse (calcul)'!$A$21:$A$153,0)),"N/A") -> 850 | L95: =IFERROR(INDEX('Vitesse (calcul)'!$S$21:$S$153,MATCH($A95&"|"&$B95,'Vitesse (calcul)'!$A$21:$A$153,0)),"N/A") -> 4.5 | P95: 5 | Q95: 2 | R95: 3 | S95: 2 | T95: 0 | U95: 3 | V95: 1 | W95: 0
A96: 30mm Rotary Cannon | B96: Aryx MC-260 Chimera | C96: Canon / mitrailleuse / lance-grenade | E96: 650 | F96: 0.04 | G96: 0.0005 | H96: 80 | J96: 4000 | K96: =IFERROR(INDEX('Vitesse (calcul)'!$P$21:$P$153,MATCH($A96&"|"&$B96,'Vitesse (calcul)'!$A$21:$A$153,0)),"N/A") -> 1100 | L96: =IFERROR(INDEX('Vitesse (calcul)'!$S$21:$S$153,MATCH($A96&"|"&$B96,'Vitesse (calcul)'!$A$21:$A$153,0)),"N/A") -> 7.1 | P96: 4 | Q96: 2 | R96: 0 | S96: 0 | T96: 0 | U96: 0 | V96: 0 | W96: 0 | X96: 1
A97: 35mm AA Autocannon | B97: Aryx MC-260 Chimera | C97: Canon / mitrailleuse / lance-grenade | E97: 800 | F97: 0.2 | G97: 0.00012 | H97: 1666.6667 | J97: 5000 | K97: =IFERROR(INDEX('Vitesse (calcul)'!$P$21:$P$153,MATCH($A97&"|"&$B97,'Vitesse (calcul)'!$A$21:$A$153,0)),"N/A") -> 900 | L97: =IFERROR(INDEX('Vitesse (calcul)'!$S$21:$S$153,MATCH($A97&"|"&$B97,'Vitesse (calcul)'!$A$21:$A$153,0)),"N/A") -> 4.8 | P97: 4 | Q97: 3 | R97: 0 | S97: 0 | T97: 0 | U97: 0 | V97: 0 | W97: 0 | X97: 1 | Y97: 1 | Z97: 1
A98: 57mm Chaingun | B98: Aryx MC-260 Chimera | C98: Canon / mitrailleuse / lance-grenade | E98: 900 | F98: 0.5 | G98: 0.001 | H98: 500 | J98: 6000 | K98: =IFERROR(INDEX('Vitesse (calcul)'!$P$21:$P$153,MATCH($A98&"|"&$B98,'Vitesse (calcul)'!$A$21:$A$153,0)),"N/A") -> 1260 | L98: =IFERROR(INDEX('Vitesse (calcul)'!$S$21:$S$153,MATCH($A98&"|"&$B98,'Vitesse (calcul)'!$A$21:$A$153,0)),"N/A") -> 8.3 | P98: 4 | Q98: 3 | R98: 1 | S98: 0 | T98: 0 | U98: 1 | V98: 0 | W98: 0 | X98: 2
A99: 81mm Mortar | B99: Aryx MC-260 Chimera | C99: Canon / mitrailleuse / lance-grenade | E99: 450 | F99: 5 | G99: 0.0125 | H99: 400 | J99: 10000 | K99: =IFERROR(INDEX('Vitesse (calcul)'!$P$21:$P$153,MATCH($A99&"|"&$B99,'Vitesse (calcul)'!$A$21:$A$153,0)),"N/A") -> 300 | L99: =IFERROR(INDEX('Vitesse (calcul)'!$S$21:$S$153,MATCH($A99&"|"&$B99,'Vitesse (calcul)'!$A$21:$A$153,0)),"N/A") -> 1.6 | P99: 5 | Q99: 0 | R99: 2 | S99: 1 | T99: 0 | U99: 2 | V99: 1 | W99: 0
A100: Radome | B100: Aryx MC-260 Chimera | C100: Énergie / équipement | G100: 0 | K100: =IFERROR(INDEX('Vitesse (calcul)'!$P$21:$P$153,MATCH($A100&"|"&$B100,'Vitesse (calcul)'!$A$21:$A$153,0)),"N/A") -> N/A | L100: =IFERROR(INDEX('Vitesse (calcul)'!$S$21:$S$153,MATCH($A100&"|"&$B100,'Vitesse (calcul)'!$A$21:$A$153,0)),"N/A") -> N/A
...

Sheet Vitesse (calcul)
A1: Vitesse maximale la plus cohérente — calcul, sources et paramètres
A3: Paramètres (texte bleu, modifiables)
A4: Plafond fusée — jeu de base (m/s) | B4: 1250 | C4: Ajusté sur les valeurs « Delta-V » du wiki des missiles dont le calcul dépasse 1 430 m/s.
A5: Plafond fusée — mods (m/s) | B5: 2000 | C5: Valeur déclarée par l'auteur du pack Aryx (Starfall, Zenith).
A6: Coefficient croisière k (m/s par √poussée) | B6: 5.3 | C6: v ≈ k·√poussée, ajusté sur 4 missiles de croisière du wiki.
A7: Durée de poussée minimale « croisière » (s) | B7: 100 | C7: Au-delà, avec une poussée faible, le moteur est de type turboréacteur.
A8: Poussée / poids maximal « croisière » | B8: 1.5
A9: Accélération de la pesanteur g (m/s²) | B9: 9.81
A10: Armes à feu incluses dans la note /10 (1 = oui, 0 = non) | B10: 1 | C10: Mettre 0 pour ne noter que les munitions propulsées (missiles, roquettes).
A12: Règles de choix de la vitesse max (colonne P) :
A13: • Munitions propulsées (poussée connue) : si la vitesse fixée du fichier ET la valeur Delta-V du wiki existent → médiane (fichier ; wiki ; calcul). Sinon wiki, sinon vitesse fixée du fichier, sinon calcul. Le calcul = équation de la fusée (Tsiolkovski) plafonnée, ou k·√poussée pour les missiles de croisière.
A14: • Armes à feu : vitesse initiale (bouche) ; si une vitesse max fixée plus basse existe, on prend la plus basse des deux.
A15: • Bombes, lasers, nacelles, leurres, réservoirs, sous-munitions et équipements : aucune vitesse définie par le jeu (chute libre, vitesse de la lumière ou objet non propulsé) → N/A.
A16: Note /10 : 1 + 9 × (rang centile de la vitesse parmi les armes notées). Les ex æquo reçoivent tous la note du haut du groupe (les missiles plafonnés à 2 000 m/s ont donc 10).
A17: Origine des entrées : fichier NO-stats (poussée, durée, carburant, masse, vitesses fixées) ; page Munitions du wiki Nuclear Option (colonne « Delta-V (Top Speed) », version possiblement antérieure à 0.34).
A20: Clé (Arme|Source) | B20: Arme | C20: Source | D20: Type | E20: Classe | F20: Masse (kg) | G20: Poussée | H20: Durée de poussée (s) | I20: Carburant (kg) | J20: Vitesse initiale / bouche (m/s) | K20: Vitesse max fixée (fichier, m/s) | L20: Vitesse wiki Delta-V (m/s) | M20: Δv Tsiolkovski (m/s) | N20: Régime moteur | O20: Vitesse calculée (m/s) | P20: Vitesse max retenue (m/s) | Q20: Origine de la vitesse | R20: Vitesse prise en compte pour la note (m/s) | S20: Note /10 | T20: Ancienne note /10
A21: =B21&"|"&C21 -> ??? (variante 3)|Jeu de base | B21: ??? (variante 3) | C21: Jeu de base | D21: Autre / équipement | E21: =IF(ISNUMBER(G21),"propulsé",IF(D21="Canon / mitrailleuse / lance-grenade","arme à feu","autre")) -> propulsé | F21: 10 | G21: 31000 | H21: 15 | I21: 3 | J21: 100 | K21: 597.88 | M21: =IF(AND(ISNUMBER(G21),ISNUMBER(H21),ISNUMBER(I21),ISNUMBER(F21)),IF(AND(G21>0,H21>0,I21>0,F21>I21),G21*H21/I21*LN(F21/(F21-I21)),"N/A"),"N/A") -> 55284.616 | N21: =IF(ISNUMBER(M21),IF(AND(H21>=$B$7,G21/(F21*$B$9)<$B$8),"croisière","fusée"),"N/A") -> fusée | O21: =IF(N21="fusée",MIN(M21,IF(C21="Jeu de base",$B$4,$B$5)),IF(N21="croisière",$B$6*SQRT(G21),"N/A")) -> 1250 | P21: =IF(E21="propulsé",IF(ISNUMBER(O21),IF(AND(ISNUMBER(K21),ISNUMBER(L21)),MEDIAN(K21,L21,O21),IF(ISNUMBER(L21),L21,IF(ISNUMBER(K21),K21,O21))),IF(ISNUMBER(K21),K21,"N/A")),IF(E21="arme à feu",IF(ISNUMBER(J21),IF(ISNUMBER(K21),MIN(J21,K21),J21),"N/A"),"N/A")) -> 597.88 | Q21: =IF(NOT(ISNUMBER(P21)),"aucune vitesse définie",IF(E21="arme à feu",IF(AND(ISNUMBER(K21),ISNUMBER(J21),K21<J21),"vitesse max fixée (inférieure à la bouche)","vitesse initiale (bouche)"),IF(AND(ISNUMBER(K21),ISNUMBER(L21)),"médiane fichier / wiki / calcul",IF(ISNUMBER(L21),"wiki Delta-V",IF(ISNUMBER(K21),"vitesse fixée du fichier","calcul ("&N21&IF(AND(N21="fusée",M21>O21),", plafonné","")&")"))))) -> vitesse fixée du fichier | R21: =IF(ISNUMBER(P21),IF(E21="arme à feu",IF($B$10=1,P21,"N/A"),P21),"N/A") -> 597.88 | S21: =IF(ISNUMBER(R21),ROUND(1+9*(SUMPRODUCT(ISNUMBER($R$21:$R$153)*($R$21:$R$153<=R21))-1)/(COUNT($R$21:$R$153)-1),1),"N/A") -> 2.7 | T21: 10
A22: =B22&"|"&C22 -> GS25|Jeu de base | B22: GS25 | C22: Jeu de base | D22: Autre / équipement | E22: =IF(ISNUMBER(G22),"propulsé",IF(D22="Canon / mitrailleuse / lance-grenade","arme à feu","autre")) -> autre | F22: 25 | M22: =IF(AND(ISNUMBER(G22),ISNUMBER(H22),ISNUMBER(I22),ISNUMBER(F22)),IF(AND(G22>0,H22>0,I22>0,F22>I22),G22*H22/I22*LN(F22/(F22-I22)),"N/A"),"N/A") -> N/A | N22: =IF(ISNUMBER(M22),IF(AND(H22>=$B$7,G22/(F22*$B$9)<$B$8),"croisière","fusée"),"N/A") -> N/A | O22: =IF(N22="fusée",MIN(M22,IF(C22="Jeu de base",$B$4,$B$5)),IF(N22="croisière",$B$6*SQRT(G22),"N/A")) -> N/A | P22: =IF(E22="propulsé",IF(ISNUMBER(O22),IF(AND(ISNUMBER(K22),ISNUMBER(L22)),MEDIAN(K22,L22,O22),IF(ISNUMBER(L22),L22,IF(ISNUMBER(K22),K22,O22))),IF(ISNUMBER(K22),K22,"N/A")),IF(E22="arme à feu",IF(ISNUMBER(J22),IF(ISNUMBER(K22),MIN(J22,K22),J22),"N/A"),"N/A")) -> N/A | Q22: =IF(NOT(ISNUMBER(P22)),"aucune vitesse définie",IF(E22="arme à feu",IF(AND(ISNUMBER(K22),ISNUMBER(J22),K22<J22),"vitesse max fixée (inférieure à la bouche)","vitesse initiale (bouche)"),IF(AND(ISNUMBER(K22),ISNUMBER(L22)),"médiane fichier / wiki / calcul",IF(ISNUMBER(L22),"wiki Delta-V",IF(ISNUMBER(K22),"vitesse fixée du fichier","calcul ("&N22&IF(AND(N22="fusée",M22>O22),", plafonné","")&")"))))) -> aucune vitesse définie | R22: =IF(ISNUMBER(P22),IF(E22="arme à feu",IF($B$10=1,P22,"N/A"),P22),"N/A") -> N/A | S22: =IF(ISNUMBER(R22),ROUND(1+9*(SUMPRODUCT(ISNUMBER($R$21:$R$153)*($R$21:$R$153<=R22))-1)/(COUNT($R$21:$R$153)-1),1),"N/A") -> N/A
A23: =B23&"|"&C23 -> ??? (variante 1)|Jeu de base | B23: ??? (variante 1) | C23: Jeu de base | D23: Bombe | E23: =IF(ISNUMBER(G23),"propulsé",IF(D23="Canon / mitrailleuse / lance-grenade","arme à feu","autre")) -> autre | F23: 10 | J23: 100 | M23: =IF(AND(ISNUMBER(G23),ISNUMBER(H23),ISNUMBER(I23),ISNUMBER(F23)),IF(AND(G23>0,H23>0,I23>0,F23>I23),G23*H23/I23*LN(F23/(F23-I23)),"N/A"),"N/A") -> N/A | N23: =IF(ISNUMBER(M23),IF(AND(H23>=$B$7,G23/(F23*$B$9)<$B$8),"croisière","fusée"),"N/A") -> N/A | O23: =IF(N23="fusée",MIN(M23,IF(C23="Jeu de base",$B$4,$B$5)),IF(N23="croisière",$B$6*SQRT(G23),"N/A")) -> N/A | P23: =IF(E23="propulsé",IF(ISNUMBER(O23),IF(AND(ISNUMBER(K23),ISNUMBER(L23)),MEDIAN(K23,L23,O23),IF(ISNUMBER(L23),L23,IF(ISNUMBER(K23),K23,O23))),IF(ISNUMBER(K23),K23,"N/A")),IF(E23="arme à feu",IF(ISNUMBER(J23),IF(ISNUMBER(K23),MIN(J23,K23),J23),"N/A"),"N/A")) -> N/A | Q23: =IF(NOT(ISNUMBER(P23)),"aucune vitesse définie",IF(E23="arme à feu",IF(AND(ISNUMBER(K23),ISNUMBER(J23),K23<J23),"vitesse max fixée (inférieure à la bouche)","vitesse initiale (bouche)"),IF(AND(ISNUMBER(K23),ISNUMBER(L23)),"médiane fichier / wiki / calcul",IF(ISNUMBER(L23),"wiki Delta-V",IF(ISNUMBER(K23),"vitesse fixée du fichier","calcul ("&N23&IF(AND(N23="fusée",M23>O23),", plafonné","")&")"))))) -> aucune vitesse définie | R23: =IF(ISNUMBER(P23),IF(E23="arme à feu",IF($B$10=1,P23,"N/A"),P23),"N/A") -> N/A | S23: =IF(ISNUMBER(R23),ROUND(1+9*(SUMPRODUCT(ISNUMBER($R$21:$R$153)*($R$21:$R$153<=R23))-1)/(COUNT($R$21:$R$153)-1),1),"N/A") -> N/A
A24: =B24&"|"&C24 -> CBO-400|Jeu de base | B24: CBO-400 | C24: Jeu de base | D24: Bombe | E24: =IF(ISNUMBER(G24),"propulsé",IF(D24="Canon / mitrailleuse / lance-grenade","arme à feu","autre")) -> autre | F24: 400 | M24: =IF(AND(ISNUMBER(G24),ISNUMBER(H24),ISNUMBER(I24),ISNUMBER(F24)),IF(AND(G24>0,H24>0,I24>0,F24>I24),G24*H24/I24*LN(F24/(F24-I24)),"N/A"),"N/A") -> N/A | N24: =IF(ISNUMBER(M24),IF(AND(H24>=$B$7,G24/(F24*$B$9)<$B$8),"croisière","fusée"),"N/A") -> N/A | O24: =IF(N24="fusée",MIN(M24,IF(C24="Jeu de base",$B$4,$B$5)),IF(N24="croisière",$B$6*SQRT(G24),"N/A")) -> N/A | P24: =IF(E24="propulsé",IF(ISNUMBER(O24),IF(AND(ISNUMBER(K24),ISNUMBER(L24)),MEDIAN(K24,L24,O24),IF(ISNUMBER(L24),L24,IF(ISNUMBER(K24),K24,O24))),IF(ISNUMBER(K24),K24,"N/A")),IF(E24="arme à feu",IF(ISNUMBER(J24),IF(ISNUMBER(K24),MIN(J24,K24),J24),"N/A"),"N/A")) -> N/A | Q24: =IF(NOT(ISNUMBER(P24)),"aucune vitesse définie",IF(E24="arme à feu",IF(AND(ISNUMBER(K24),ISNUMBER(J24),K24<J24),"vitesse max fixée (inférieure à la bouche)","vitesse initiale (bouche)"),IF(AND(ISNUMBER(K24),ISNUMBER(L24)),"médiane fichier / wiki / calcul",IF(ISNUMBER(L24),"wiki Delta-V",IF(ISNUMBER(K24),"vitesse fixée du fichier","calcul ("&N24&IF(AND(N24="fusée",M24>O24),", plafonné","")&")"))))) -> aucune vitesse définie | R24: =IF(ISNUMBER(P24),IF(E24="arme à feu",IF($B$10=1,P24,"N/A"),P24),"N/A") -> N/A | S24: =IF(ISNUMBER(R24),ROUND(1+9*(SUMPRODUCT(ISNUMBER($R$21:$R$153)*($R$21:$R$153<=R24))-1)/(COUNT($R$21:$R$153)-1),1),"N/A") -> N/A
A25: =B25&"|"&C25 -> Demolition Bomb|Jeu de base | B25: Demolition Bomb | C25: Jeu de base | D25: Bombe | E25: =IF(ISNUMBER(G25),"propulsé",IF(D25="Canon / mitrailleuse / lance-grenade","arme à feu","autre")) -> autre | F25: 10000 | M25: =IF(AND(ISNUMBER(G25),ISNUMBER(H25),ISNUMBER(I25),ISNUMBER(F25)),IF(AND(G25>0,H25>0,I25>0,F25>I25),G25*H25/I25*LN(F25/(F25-I25)),"N/A"),"N/A") -> N/A | N25: =IF(ISNUMBER(M25),IF(AND(H25>=$B$7,G25/(F25*$B$9)<$B$8),"croisière","fusée"),"N/A") -> N/A | O25: =IF(N25="fusée",MIN(M25,IF(C25="Jeu de base",$B$4,$B$5)),IF(N25="croisière",$B$6*SQRT(G25),"N/A")) -> N/A | P25: =IF(E25="propulsé",IF(ISNUMBER(O25),IF(AND(ISNUMBER(K25),ISNUMBER(L25)),MEDIAN(K25,L25,O25),IF(ISNUMBER(L25),L25,IF(ISNUMBER(K25),K25,O25))),IF(ISNUMBER(K25),K25,"N/A")),IF(E25="arme à feu",IF(ISNUMBER(J25),IF(ISNUMBER(K25),MIN(J25,K25),J25),"N/A"),"N/A")) -> N/A | Q25: =IF(NOT(ISNUMBER(P25)),"aucune vitesse définie",IF(E25="arme à feu",IF(AND(ISNUMBER(K25),ISNUMBER(J25),K25<J25),"vitesse max fixée (inférieure à la bouche)","vitesse initiale (bouche)"),IF(AND(ISNUMBER(K25),ISNUMBER(L25)),"médiane fichier / wiki / calcul",IF(ISNUMBER(L25),"wiki Delta-V",IF(ISNUMBER(K25),"vitesse fixée du fichier","calcul ("&N25&IF(AND(N25="fusée",M25>O25),", plafonné","")&")"))))) -> aucune vitesse définie | R25: =IF(ISNUMBER(P25),IF(E25="arme à feu",IF($B$10=1,P25,"N/A"),P25),"N/A") -> N/A | S25: =IF(ISNUMBER(R25),ROUND(1+9*(SUMPRODUCT(ISNUMBER($R$21:$R$153)*($R$21:$R$153<=R25))-1)/(COUNT($R$21:$R$153)-1),1),"N/A") -> N/A
A26: =B26&"|"&C26 -> GPO-2P Auger|Jeu de base | B26: GPO-2P Auger | C26: Jeu de base | D26: Bombe | E26: =IF(ISNUMBER(G26),"propulsé",IF(D26="Canon / mitrailleuse / lance-grenade","arme à feu","autre")) -> autre | F26: 1000 | M26: =IF(AND(ISNUMBER(G26),ISNUMBER(H26),ISNUMBER(I26),ISNUMBER(F26)),IF(AND(G26>0,H26>0,I26>0,F26>I26),G26*H26/I26*LN(F26/(F26-I26)),"N/A"),"N/A") -> N/A | N26: =IF(ISNUMBER(M26),IF(AND(H26>=$B$7,G26/(F26*$B$9)<$B$8),"croisière","fusée"),"N/A") -> N/A | O26: =IF(N26="fusée",MIN(M26,IF(C26="Jeu de base",$B$4,$B$5)),IF(N26="croisière",$B$6*SQRT(G26),"N/A")) -> N/A | P26: =IF(E26="propulsé",IF(ISNUMBER(O26),IF(AND(ISNUMBER(K26),ISNUMBER(L26)),MEDIAN(K26,L26,O26),IF(ISNUMBER(L26),L26,IF(ISNUMBER(K26),K26,O26))),IF(ISNUMBER(K26),K26,"N/A")),IF(E26="arme à feu",IF(ISNUMBER(J26),IF(ISNUMBER(K26),MIN(J26,K26),J26),"N/A"),"N/A")) -> N/A | Q26: =IF(NOT(ISNUMBER(P26)),"aucune vitesse définie",IF(E26="arme à feu",IF(AND(ISNUMBER(K26),ISNUMBER(J26),K26<J26),"vitesse max fixée (inférieure à la bouche)","vitesse initiale (bouche)"),IF(AND(ISNUMBER(K26),ISNUMBER(L26)),"médiane fichier / wiki / calcul",IF(ISNUMBER(L26),"wiki Delta-V",IF(ISNUMBER(K26),"vitesse fixée du fichier","calcul ("&N26&IF(AND(N26="fusée",M26>O26),", plafonné","")&")"))))) -> aucune vitesse définie | R26: =IF(ISNUMBER(P26),IF(E26="arme à feu",IF($B$10=1,P26,"N/A"),P26),"N/A") -> N/A | S26: =IF(ISNUMBER(R26),ROUND(1+9*(SUMPRODUCT(ISNUMBER($R$21:$R$153)*($R$21:$R$153<=R26))-1)/(COUNT($R$21:$R$153)-1),1),"N/A") -> N/A
A27: =B27&"|"&C27 -> GPO-500|Jeu de base | B27: GPO-500 | C27: Jeu de base | D27: Bombe | E27: =IF(ISNUMBER(G27),"propulsé",IF(D27="Canon / mitrailleuse / lance-grenade","arme à feu","autre")) -> autre | F27: 500 | M27: =IF(AND(ISNUMBER(G27),ISNUMBER(H27),ISNUMBER(I27),ISNUMBER(F27)),IF(AND(G27>0,H27>0,I27>0,F27>I27),G27*H27/I27*LN(F27/(F27-I27)),"N/A"),"N/A") -> N/A | N27: =IF(ISNUMBER(M27),IF(AND(H27>=$B$7,G27/(F27*$B$9)<$B$8),"croisière","fusée"),"N/A") -> N/A | O27: =IF(N27="fusée",MIN(M27,IF(C27="Jeu de base",$B$4,$B$5)),IF(N27="croisière",$B$6*SQRT(G27),"N/A")) -> N/A | P27: =IF(E27="propulsé",IF(ISNUMBER(O27),IF(AND(ISNUMBER(K27),ISNUMBER(L27)),MEDIAN(K27,L27,O27),IF(ISNUMBER(L27),L27,IF(ISNUMBER(K27),K27,O27))),IF(ISNUMBER(K27),K27,"N/A")),IF(E27="arme à feu",IF(ISNUMBER(J27),IF(ISNUMBER(K27),MIN(J27,K27),J27),"N/A"),"N/A")) -> N/A | Q27: =IF(NOT(ISNUMBER(P27)),"aucune vitesse définie",IF(E27="arme à feu",IF(AND(ISNUMBER(K27),ISNUMBER(J27),K27<J27),"vitesse max fixée (inférieure à la bouche)","vitesse initiale (bouche)"),IF(AND(ISNUMBER(K27),ISNUMBER(L27)),"médiane fichier / wiki / calcul",IF(ISNUMBER(L27),"wiki Delta-V",IF(ISNUMBER(K27),"vitesse fixée du fichier","calcul ("&N27&IF(AND(N27="fusée",M27>O27),", plafonné","")&")"))))) -> aucune vitesse définie | R27: =IF(ISNUMBER(P27),IF(E27="arme à feu",IF($B$10=1,P27,"N/A"),P27),"N/A") -> N/A | S27: =IF(ISNUMBER(R27),ROUND(1+9*(SUMPRODUCT(ISNUMBER($R$21:$R$153)*($R$21:$R$153<=R27))-1)/(COUNT($R$21:$R$153)-1),1),"N/A") -> N/A
A28: =B28&"|"&C28 -> PAB-125|Jeu de base | B28: PAB-125 | C28: Jeu de base | D28: Bombe | E28: =IF(ISNUMBER(G28),"propulsé",IF(D28="Canon / mitrailleuse / lance-grenade","arme à feu","autre")) -> autre | F28: 125 | M28: =IF(AND(ISNUMBER(G28),ISNUMBER(H28),ISNUMBER(I28),ISNUMBER(F28)),IF(AND(G28>0,H28>0,I28>0,F28>I28),G28*H28/I28*LN(F28/(F28-I28)),"N/A"),"N/A") -> N/A | N28: =IF(ISNUMBER(M28),IF(AND(H28>=$B$7,G28/(F28*$B$9)<$B$8),"croisière","fusée"),"N/A") -> N/A | O28: =IF(N28="fusée",MIN(M28,IF(C28="Jeu de base",$B$4,$B$5)),IF(N28="croisière",$B$6*SQRT(G28),"N/A")) -> N/A | P28: =IF(E28="propulsé",IF(ISNUMBER(O28),IF(AND(ISNUMBER(K28),ISNUMBER(L28)),MEDIAN(K28,L28,O28),IF(ISNUMBER(L28),L28,IF(ISNUMBER(K28),K28,O28))),IF(ISNUMBER(K28),K28,"N/A")),IF(E28="arme à feu",IF(ISNUMBER(J28),IF(ISNUMBER(K28),MIN(J28,K28),J28),"N/A"),"N/A")) -> N/A | Q28: =IF(NOT(ISNUMBER(P28)),"aucune vitesse définie",IF(E28="arme à feu",IF(AND(ISNUMBER(K28),ISNUMBER(J28),K28<J28),"vitesse max fixée (inférieure à la bouche)","vitesse initiale (bouche)"),IF(AND(ISNUMBER(K28),ISNUMBER(L28)),"médiane fichier / wiki / calcul",IF(ISNUMBER(L28),"wiki Delta-V",IF(ISNUMBER(K28),"vitesse fixée du fichier","calcul ("&N28&IF(AND(N28="fusée",M28>O28),", plafonné","")&")"))))) -> aucune vitesse définie | R28: =IF(ISNUMBER(P28),IF(E28="arme à feu",IF($B$10=1,P28,"N/A"),P28),"N/A") -> N/A | S28: =IF(ISNUMBER(R28),ROUND(1+9*(SUMPRODUCT(ISNUMBER($R$21:$R$153)*($R$21:$R$153<=R28))-1)/(COUNT($R$21:$R$153)-1),1),"N/A") -> N/A
A29: =B29&"|"&C29 -> PAB-125HD|Jeu de base | B29: PAB-125HD | C29: Jeu de base | D29: Bombe | E29: =IF(ISNUMBER(G29),"propulsé",IF(D29="Canon / mitrailleuse / lance-grenade","arme à feu","autre")) -> autre | F29: 125 | M29: =IF(AND(ISNUMBER(G29),ISNUMBER(H29),ISNUMBER(I29),ISNUMBER(F29)),IF(AND(G29>0,H29>0,I29>0,F29>I29),G29*H29/I29*LN(F29/(F29-I29)),"N/A"),"N/A") -> N/A | N29: =IF(ISNUMBER(M29),IF(AND(H29>=$B$7,G29/(F29*$B$9)<$B$8),"croisière","fusée"),"N/A") -> N/A | O29: =IF(N29="fusée",MIN(M29,IF(C29="Jeu de base",$B$4,$B$5)),IF(N29="croisière",$B$6*SQRT(G29),"N/A")) -> N/A | P29: =IF(E29="propulsé",IF(ISNUMBER(O29),IF(AND(ISNUMBER(K29),ISNUMBER(L29)),MEDIAN(K29,L29,O29),IF(ISNUMBER(L29),L29,IF(ISNUMBER(K29),K29,O29))),IF(ISNUMBER(K29),K29,"N/A")),IF(E29="arme à feu",IF(ISNUMBER(J29),IF(ISNUMBER(K29),MIN(J29,K29),J29),"N/A"),"N/A")) -> N/A | Q29: =IF(NOT(ISNUMBER(P29)),"aucune vitesse définie",IF(E29="arme à feu",IF(AND(ISNUMBER(K29),ISNUMBER(J29),K29<J29),"vitesse max fixée (inférieure à la bouche)","vitesse initiale (bouche)"),IF(AND(ISNUMBER(K29),ISNUMBER(L29)),"médiane fichier / wiki / calcul",IF(ISNUMBER(L29),"wiki Delta-V",IF(ISNUMBER(K29),"vitesse fixée du fichier","calcul ("&N29&IF(AND(N29="fusée",M29>O29),", plafonné","")&")"))))) -> aucune vitesse définie | R29: =IF(ISNUMBER(P29),IF(E29="arme à feu",IF($B$10=1,P29,"N/A"),P29),"N/A") -> N/A | S29: =IF(ISNUMBER(R29),ROUND(1+9*(SUMPRODUCT(ISNUMBER($R$21:$R$153)*($R$21:$R$153<=R29))-1)/(COUNT($R$21:$R$153)-1),1),"N/A") -> N/A
A30: =B30&"|"&C30 -> PAB-250|Jeu de base | B30: PAB-250 | C30: Jeu de base | D30: Bombe | E30: =IF(ISNUMBER(G30),"propulsé",IF(D30="Canon / mitrailleuse / lance-grenade","arme à feu","autre")) -> autre | F30: 250 | M30: =IF(AND(ISNUMBER(G30),ISNUMBER(H30),ISNUMBER(I30),ISNUMBER(F30)),IF(AND(G30>0,H30>0,I30>0,F30>I30),G30*H30/I30*LN(F30/(F30-I30)),"N/A"),"N/A") -> N/A | N30: =IF(ISNUMBER(M30),IF(AND(H30>=$B$7,G30/(F30*$B$9)<$B$8),"croisière","fusée"),"N/A") -> N/A | O30: =IF(N30="fusée",MIN(M30,IF(C30="Jeu de base",$B$4,$B$5)),IF(N30="croisière",$B$6*SQRT(G30),"N/A")) -> N/A | P30: =IF(E30="propulsé",IF(ISNUMBER(O30),IF(AND(ISNUMBER(K30),ISNUMBER(L30)),MEDIAN(K30,L30,O30),IF(ISNUMBER(L30),L30,IF(ISNUMBER(K30),K30,O30))),IF(ISNUMBER(K30),K30,"N/A")),IF(E30="arme à feu",IF(ISNUMBER(J30),IF(ISNUMBER(K30),MIN(J30,K30),J30),"N/A"),"N/A")) -> N/A | Q30: =IF(NOT(ISNUMBER(P30)),"aucune vitesse définie",IF(E30="arme à feu",IF(AND(ISNUMBER(K30),ISNUMBER(J30),K30<J30),"vitesse max fixée (inférieure à la bouche)","vitesse initiale (bouche)"),IF(AND(ISNUMBER(K30),ISNUMBER(L30)),"médiane fichier / wiki / calcul",IF(ISNUMBER(L30),"wiki Delta-V",IF(ISNUMBER(K30),"vitesse fixée du fichier","calcul ("&N30&IF(AND(N30="fusée",M30>O30),", plafonné","")&")"))))) -> aucune vitesse définie | R30: =IF(ISNUMBER(P30),IF(E30="arme à feu",IF($B$10=1,P30,"N/A"),P30),"N/A") -> N/A | S30: =IF(ISNUMBER(R30),ROUND(1+9*(SUMPRODUCT(ISNUMBER($R$21:$R$153)*($R$21:$R$153<=R30))-1)/(COUNT($R$21:$R$153)-1),1),"N/A") -> N/A
A31: =B31&"|"&C31 -> GPO-N (1.5kt)|Jeu de base | B31: GPO-N (1.5kt) | C31: Jeu de base | D31: Bombe nucléaire | E31: =IF(ISNUMBER(G31),"propulsé",IF(D31="Canon / mitrailleuse / lance-grenade","arme à feu","autre")) -> autre | F31: 400 | M31: =IF(AND(ISNUMBER(G31),ISNUMBER(H31),ISNUMBER(I31),ISNUMBER(F31)),IF(AND(G31>0,H31>0,I31>0,F31>I31),G31*H31/I31*LN(F31/(F31-I31)),"N/A"),"N/A") -> N/A | N31: =IF(ISNUMBER(M31),IF(AND(H31>=$B$7,G31/(F31*$B$9)<$B$8),"croisière","fusée"),"N/A") -> N/A | O31: =IF(N31="fusée",MIN(M31,IF(C31="Jeu de base",$B$4,$B$5)),IF(N31="croisière",$B$6*SQRT(G31),"N/A")) -> N/A | P31: =IF(E31="propulsé",IF(ISNUMBER(O31),IF(AND(ISNUMBER(K31),ISNUMBER(L31)),MEDIAN(K31,L31,O31),IF(ISNUMBER(L31),L31,IF(ISNUMBER(K31),K31,O31))),IF(ISNUMBER(K31),K31,"N/A")),IF(E31="arme à feu",IF(ISNUMBER(J31),IF(ISNUMBER(K31),MIN(J31,K31),J31),"N/A"),"N/A")) -> N/A | Q31: =IF(NOT(ISNUMBER(P31)),"aucune vitesse définie",IF(E31="arme à feu",IF(AND(ISNUMBER(K31),ISNUMBER(J31),K31<J31),"vitesse max fixée (inférieure à la bouche)","vitesse initiale (bouche)"),IF(AND(ISNUMBER(K31),ISNUMBER(L31)),"médiane fichier / wiki / calcul",IF(ISNUMBER(L31),"wiki Delta-V",IF(ISNUMBER(K31),"vitesse fixée du fichier","calcul ("&N31&IF(AND(N31="fusée",M31>O31),", plafonné","")&")"))))) -> aucune vitesse définie | R31: =IF(ISNUMBER(P31),IF(E31="arme à feu",IF($B$10=1,P31,"N/A"),P31),"N/A") -> N/A | S31: =IF(ISNUMBER(R31),ROUND(1+9*(SUMPRODUCT(ISNUMBER($R$21:$R$153)*($R$21:$R$153<=R31))-1)/(COUNT($R$21:$R$153)-1),1),"N/A") -> N/A
A32: =B32&"|"&C32 -> GPO-N (250kt)|Jeu de base | B32: GPO-N (250kt) | C32: Jeu de base | D32: Bombe nucléaire | E32: =IF(ISNUMBER(G32),"propulsé",IF(D32="Canon / mitrailleuse / lance-grenade","arme à feu","autre")) -> autre | F32: 400 | M32: =IF(AND(ISNUMBER(G32),ISNUMBER(H32),ISNUMBER(I32),ISNUMBER(F32)),IF(AND(G32>0,H32>0,I32>0,F32>I32),G32*H32/I32*LN(F32/(F32-I32)),"N/A"),"N/A") -> N/A | N32: =IF(ISNUMBER(M32),IF(AND(H32>=$B$7,G32/(F32*$B$9)<$B$8),"croisière","fusée"),"N/A") -> N/A | O32: =IF(N32="fusée",MIN(M32,IF(C32="Jeu de base",$B$4,$B$5)),IF(N32="croisière",$B$6*SQRT(G32),"N/A")) -> N/A | P32: =IF(E32="propulsé",IF(ISNUMBER(O32),IF(AND(ISNUMBER(K32),ISNUMBER(L32)),MEDIAN(K32,L32,O32),IF(ISNUMBER(L32),L32,IF(ISNUMBER(K32),K32,O32))),IF(ISNUMBER(K32),K32,"N/A")),IF(E32="arme à feu",IF(ISNUMBER(J32),IF(ISNUMBER(K32),MIN(J32,K32),J32),"N/A"),"N/A")) -> N/A | Q32: =IF(NOT(ISNUMBER(P32)),"aucune vitesse définie",IF(E32="arme à feu",IF(AND(ISNUMBER(K32),ISNUMBER(J32),K32<J32),"vitesse max fixée (inférieure à la bouche)","vitesse initiale (bouche)"),IF(AND(ISNUMBER(K32),ISNUMBER(L32)),"médiane fichier / wiki / calcul",IF(ISNUMBER(L32),"wiki Delta-V",IF(ISNUMBER(K32),"vitesse fixée du fichier","calcul ("&N32&IF(AND(N32="fusée",M32>O32),", plafonné","")&")"))))) -> aucune vitesse définie | R32: =IF(ISNUMBER(P32),IF(E32="arme à feu",IF($B$10=1,P32,"N/A"),P32),"N/A") -> N/A | S32: =IF(ISNUMBER(R32),ROUND(1+9*(SUMPRODUCT(ISNUMBER($R$21:$R$153)*($R$21:$R$153<=R32))-1)/(COUNT($R$21:$R$153)-1),1),"N/A") -> N/A
A33: =B33&"|"&C33 -> GBM-500LR|Jeu de base | B33: GBM-500LR | C33: Jeu de base | D33: Bombe planante guidée | E33: =IF(ISNUMBER(G33),"propulsé",IF(D33="Canon / mitrailleuse / lance-grenade","arme à feu","autre")) -> autre | F33: 500 | M33: =IF(AND(ISNUMBER(G33),ISNUMBER(H33),ISNUMBER(I33),ISNUMBER(F33)),IF(AND(G33>0,H33>0,I33>0,F33>I33),G33*H33/I33*LN(F33/(F33-I33)),"N/A"),"N/A") -> N/A | N33: =IF(ISNUMBER(M33),IF(AND(H33>=$B$7,G33/(F33*$B$9)<$B$8),"croisière","fusée"),"N/A") -> N/A | O33: =IF(N33="fusée",MIN(M33,IF(C33="Jeu de base",$B$4,$B$5)),IF(N33="croisière",$B$6*SQRT(G33),"N/A")) -> N/A | P33: =IF(E33="propulsé",IF(ISNUMBER(O33),IF(AND(ISNUMBER(K33),ISNUMBER(L33)),MEDIAN(K33,L33,O33),IF(ISNUMBER(L33),L33,IF(ISNUMBER(K33),K33,O33))),IF(ISNUMBER(K33),K33,"N/A")),IF(E33="arme à feu",IF(ISNUMBER(J33),IF(ISNUMBER(K33),MIN(J33,K33),J33),"N/A"),"N/A")) -> N/A | Q33: =IF(NOT(ISNUMBER(P33)),"aucune vitesse définie",IF(E33="arme à feu",IF(AND(ISNUMBER(K33),ISNUMBER(J33),K33<J33),"vitesse max fixée (inférieure à la bouche)","vitesse initiale (bouche)"),IF(AND(ISNUMBER(K33),ISNUMBER(L33)),"médiane fichier / wiki / calcul",IF(ISNUMBER(L33),"wiki Delta-V",IF(ISNUMBER(K33),"vitesse fixée du fichier","calcul ("&N33&IF(AND(N33="fusée",M33>O33),", plafonné","")&")"))))) -> aucune vitesse définie | R33: =IF(ISNUMBER(P33),IF(E33="arme à feu",IF($B$10=1,P33,"N/A"),P33),"N/A") -> N/A | S33: =IF(ISNUMBER(R33),ROUND(1+9*(SUMPRODUCT(ISNUMBER($R$21:$R$153)*($R$21:$R$153<=R33))-1)/(COUNT($R$21:$R$153)-1),1),"N/A") -> N/A
A34: =B34&"|"&C34 -> PAB-250LR|Jeu de base | B34: PAB-250LR | C34: Jeu de base | D34: Bombe planante guidée | E34: =IF(ISNUMBER(G34),"propulsé",IF(D34="Canon / mitrailleuse / lance-grenade","arme à feu","autre")) -> autre | F34: 270 | M34: =IF(AND(ISNUMBER(G34),ISNUMBER(H34),ISNUMBER(I34),ISNUMBER(F34)),IF(AND(G34>0,H34>0,I34>0,F34>I34),G34*H34/I34*LN(F34/(F34-I34)),"N/A"),"N/A") -> N/A | N34: =IF(ISNUMBER(M34),IF(AND(H34>=$B$7,G34/(F34*$B$9)<$B$8),"croisière","fusée"),"N/A") -> N/A | O34: =IF(N34="fusée",MIN(M34,IF(C34="Jeu de base",$B$4,$B$5)),IF(N34="croisière",$B$6*SQRT(G34),"N/A")) -> N/A | P34: =IF(E34="propulsé",IF(ISNUMBER(O34),IF(AND(ISNUMBER(K34),ISNUMBER(L34)),MEDIAN(K34,L34,O34),IF(ISNUMBER(L34),L34,IF(ISNUMBER(K34),K34,O34))),IF(ISNUMBER(K34),K34,"N/A")),IF(E34="arme à feu",IF(ISNUMBER(J34),IF(ISNUMBER(K34),MIN(J34,K34),J34),"N/A"),"N/A")) -> N/A | Q34: =IF(NOT(ISNUMBER(P34)),"aucune vitesse définie",IF(E34="arme à feu",IF(AND(ISNUMBER(K34),ISNUMBER(J34),K34<J34),"vitesse max fixée (inférieure à la bouche)","vitesse initiale (bouche)"),IF(AND(ISNUMBER(K34),ISNUMBER(L34)),"médiane fichier / wiki / calcul",IF(ISNUMBER(L34),"wiki Delta-V",IF(ISNUMBER(K34),"vitesse fixée du fichier","calcul ("&N34&IF(AND(N34="fusée",M34>O34),", plafonné","")&")"))))) -> aucune vitesse définie | R34: =IF(ISNUMBER(P34),IF(E34="arme à feu",IF($B$10=1,P34,"N/A"),P34),"N/A") -> N/A | S34: =IF(ISNUMBER(R34),ROUND(1+9*(SUMPRODUCT(ISNUMBER($R$21:$R$153)*($R$21:$R$153<=R34))-1)/(COUNT($R$21:$R$153)-1),1),"N/A") -> N/A
A35: =B35&"|"&C35 -> PAB-80LR|Jeu de base | B35: PAB-80LR | C35: Jeu de base | D35: Bombe planante guidée | E35: =IF(ISNUMBER(G35),"propulsé",IF(D35="Canon / mitrailleuse / lance-grenade","arme à feu","autre")) -> autre | F35: 125 | M35: =IF(AND(ISNUMBER(G35),ISNUMBER(H35),ISNUMBER(I35),ISNUMBER(F35)),IF(AND(G35>0,H35>0,I35>0,F35>I35),G35*H35/I35*LN(F35/(F35-I35)),"N/A"),"N/A") -> N/A | N35: =IF(ISNUMBER(M35),IF(AND(H35>=$B$7,G35/(F35*$B$9)<$B$8),"croisière","fusée"),"N/A") -> N/A | O35: =IF(N35="fusée",MIN(M35,IF(C35="Jeu de base",$B$4,$B$5)),IF(N35="croisière",$B$6*SQRT(G35),"N/A")) -> N/A | P35: =IF(E35="propulsé",IF(ISNUMBER(O35),IF(AND(ISNUMBER(K35),ISNUMBER(L35)),MEDIAN(K35,L35,O35),IF(ISNUMBER(L35),L35,IF(ISNUMBER(K35),K35,O35))),IF(ISNUMBER(K35),K35,"N/A")),IF(E35="arme à feu",IF(ISNUMBER(J35),IF(ISNUMBER(K35),MIN(J35,K35),J35),"N/A"),"N/A")) -> N/A | Q35: =IF(NOT(ISNUMBER(P35)),"aucune vitesse définie",IF(E35="arme à feu",IF(AND(ISNUMBER(K35),ISNUMBER(J35),K35<J35),"vitesse max fixée (inférieure à la bouche)","vitesse initiale (bouche)"),IF(AND(ISNUMBER(K35),ISNUMBER(L35)),"médiane fichier / wiki / calcul",IF(ISNUMBER(L35),"wiki Delta-V",IF(ISNUMBER(K35),"vitesse fixée du fichier","calcul ("&N35&IF(AND(N35="fusée",M35>O35),", plafonné","")&")"))))) -> aucune vitesse définie | R35: =IF(ISNUMBER(P35),IF(E35="arme à feu",IF($B$10=1,P35,"N/A"),P35),"N/A") -> N/A | S35: =IF(ISNUMBER(R35),ROUND(1+9*(SUMPRODUCT(ISNUMBER($R$21:$R$153)*($R$21:$R$153<=R35))-1)/(COUNT($R$21:$R$153)-1),1),"N/A") -> N/A
A36: =B36&"|"&C36 -> Radar Jamming Pod|Jeu de base | B36: Radar Jamming Pod | C36: Jeu de base | D36: Brouilleur (nacelle) | E36: =IF(ISNUMBER(G36),"propulsé",IF(D36="Canon / mitrailleuse / lance-grenade","arme à feu","autre")) -> autre | F36: 0 | J36: 300000000 | K36: 300000000 | M36: =IF(AND(ISNUMBER(G36),ISNUMBER(H36),ISNUMBER(I36),ISNUMBER(F36)),IF(AND(G36>0,H36>0,I36>0,F36>I36),G36*H36/I36*LN(F36/(F36-I36)),"N/A"),"N/A") -> N/A | N36: =IF(ISNUMBER(M36),IF(AND(H36>=$B$7,G36/(F36*$B$9)<$B$8),"croisière","fusée"),"N/A") -> N/A | O36: =IF(N36="fusée",MIN(M36,IF(C36="Jeu de base",$B$4,$B$5)),IF(N36="croisière",$B$6*SQRT(G36),"N/A")) -> N/A | P36: =IF(E36="propulsé",IF(ISNUMBER(O36),IF(AND(ISNUMBER(K36),ISNUMBER(L36)),MEDIAN(K36,L36,O36),IF(ISNUMBER(L36),L36,IF(ISNUMBER(K36),K36,O36))),IF(ISNUMBER(K36),K36,"N/A")),IF(E36="arme à feu",IF(ISNUMBER(J36),IF(ISNUMBER(K36),MIN(J36,K36),J36),"N/A"),"N/A")) -> N/A | Q36: =IF(NOT(ISNUMBER(P36)),"aucune vitesse définie",IF(E36="arme à feu",IF(AND(ISNUMBER(K36),ISNUMBER(J36),K36<J36),"vitesse max fixée (inférieure à la bouche)","vitesse initiale (bouche)"),IF(AND(ISNUMBER(K36),ISNUMBER(L36)),"médiane fichier / wiki / calcul",IF(ISNUMBER(L36),"wiki Delta-V",IF(ISNUMBER(K36),"vitesse fixée du fichier","calcul ("&N36&IF(AND(N36="fusée",M36>O36),", plafonné","")&")"))))) -> aucune vitesse définie | R36: =IF(ISNUMBER(P36),IF(E36="arme à feu",IF($B$10=1,P36,"N/A"),P36),"N/A") -> N/A | S36: =IF(ISNUMBER(R36),ROUND(1+9*(SUMPRODUCT(ISNUMBER($R$21:$R$153)*($R$21:$R$153<=R36))-1)/(COUNT($R$21:$R$153)-1),1),"N/A") -> N/A
A37: =B37&"|"&C37 -> 12.7mm Machine Gun|Jeu de base | B37: 12.7mm Machine Gun | C37: Jeu de base | D37: Canon / mitrailleuse / lance-grenade | E37: =IF(ISNUMBER(G37),"propulsé",IF(D37="Canon / mitrailleuse / lance-grenade","arme à feu","autre")) -> arme à feu | F37: 0.12 | J37: 850 | K37: 850 | M37: =IF(AND(ISNUMBER(G37),ISNUMBER(H37),ISNUMBER(I37),ISNUMBER(F37)),IF(AND(G37>0,H37>0,I37>0,F37>I37),G37*H37/I37*LN(F37/(F37-I37)),"N/A"),"N/A") -> N/A | N37: =IF(ISNUMBER(M37),IF(AND(H37>=$B$7,G37/(F37*$B$9)<$B$8),"croisière","fusée"),"N/A") -> N/A | O37: =IF(N37="fusée",MIN(M37,IF(C37="Jeu de base",$B$4,$B$5)),IF(N37="croisière",$B$6*SQRT(G37),"N/A")) -> N/A | P37: =IF(E37="propulsé",IF(ISNUMBER(O37),IF(AND(ISNUMBER(K37),ISNUMBER(L37)),MEDIAN(K37,L37,O37),IF(ISNUMBER(L37),L37,IF(ISNUMBER(K37),K37,O37))),IF(ISNUMBER(K37),K37,"N/A")),IF(E37="arme à feu",IF(ISNUMBER(J37),IF(ISNUMBER(K37),MIN(J37,K37),J37),"N/A"),"N/A")) -> 850 | Q37: =IF(NOT(ISNUMBER(P37)),"aucune vitesse définie",IF(E37="arme à feu",IF(AND(ISNUMBER(K37),ISNUMBER(J37),K37<J37),"vitesse max fixée (inférieure à la bouche)","vitesse initiale (bouche)"),IF(AND(ISNUMBER(K37),ISNUMBER(L37)),"médiane fichier / wiki / calcul",IF(ISNUMBER(L37),"wiki Delta-V",IF(ISNUMBER(K37),"vitesse fixée du fichier","calcul ("&N37&IF(AND(N37="fusée",M37>O37),", plafonné","")&")"))))) -> vitesse initiale (bouche) | R37: =IF(ISNUMBER(P37),IF(E37="arme à feu",IF($B$10=1,P37,"N/A"),P37),"N/A") -> 850 | S37: =IF(ISNUMBER(R37),ROUND(1+9*(SUMPRODUCT(ISNUMBER($R$21:$R$153)*($R$21:$R$153<=R37))-1)/(COUNT($R$21:$R$153)-1),1),"N/A") -> 4.5
A38: =B38&"|"&C38 -> 12.7mm Rotary Machine Gun|Jeu de base | B38: 12.7mm Rotary Machine Gun | C38: Jeu de base | D38: Canon / mitrailleuse / lance-grenade | E38: =IF(ISNUMBER(G38),"propulsé",IF(D38="Canon / mitrailleuse / lance-grenade","arme à feu","autre")) -> arme à feu | F38: 0.12 | J38: 850 | M38: =IF(AND(ISNUMBER(G38),ISNUMBER(H38),ISNUMBER(I38),ISNUMBER(F38)),IF(AND(G38>0,H38>0,I38>0,F38>I38),G38*H38/I38*LN(F38/(F38-I38)),"N/A"),"N/A") -> N/A | N38: =IF(ISNUMBER(M38),IF(AND(H38>=$B$7,G38/(F38*$B$9)<$B$8),"croisière","fusée"),"N/A") -> N/A | O38: =IF(N38="fusée",MIN(M38,IF(C38="Jeu de base",$B$4,$B$5)),IF(N38="croisière",$B$6*SQRT(G38),"N/A")) -> N/A | P38: =IF(E38="propulsé",IF(ISNUMBER(O38),IF(AND(ISNUMBER(K38),ISNUMBER(L38)),MEDIAN(K38,L38,O38),IF(ISNUMBER(L38),L38,IF(ISNUMBER(K38),K38,O38))),IF(ISNUMBER(K38),K38,"N/A")),IF(E38="arme à feu",IF(ISNUMBER(J38),IF(ISNUMBER(K38),MIN(J38,K38),J38),"N/A"),"N/A")) -> 850 | Q38: =IF(NOT(ISNUMBER(P38)),"aucune vitesse définie",IF(E38="arme à feu",IF(AND(ISNUMBER(K38),ISNUMBER(J38),K38<J38),"vitesse max fixée (inférieure à la bouche)","vitesse initiale (bouche)"),IF(AND(ISNUMBER(K38),ISNUMBER(L38)),"médiane fichier / wiki / calcul",IF(ISNUMBER(L38),"wiki Delta-V",IF(ISNUMBER(K38),"vitesse fixée du fichier","calcul ("&N38&IF(AND(N38="fusée",M38>O38),", plafonné","")&")"))))) -> vitesse initiale (bouche) | R38: =IF(ISNUMBER(P38),IF(E38="arme à feu",IF($B$10=1,P38,"N/A"),P38),"N/A") -> 850 | S38: =IF(ISNUMBER(R38),ROUND(1+9*(SUMPRODUCT(ISNUMBER($R$21:$R$153)*($R$21:$R$153<=R38))-1)/(COUNT($R$21:$R$153)-1),1),"N/A") -> 4.5
A39: =B39&"|"&C39 -> 127mm Cannon|Jeu de base | B39: 127mm Cannon | C39: Jeu de base | D39: Canon / mitrailleuse / lance-grenade | E39: =IF(ISNUMBER(G39),"propulsé",IF(D39="Canon / mitrailleuse / lance-grenade","arme à feu","autre")) -> arme à feu | F39: 32 | J39: 850 | K39: 850 | M39: =IF(AND(ISNUMBER(G39),ISNUMBER(H39),ISNUMBER(I39),ISNUMBER(F39)),IF(AND(G39>0,H39>0,I39>0,F39>I39),G39*H39/I39*LN(F39/(F39-I39)),"N/A"),"N/A") -> N/A | N39: =IF(ISNUMBER(M39),IF(AND(H39>=$B$7,G39/(F39*$B$9)<$B$8),"croisière","fusée"),"N/A") -> N/A | O39: =IF(N39="fusée",MIN(M39,IF(C39="Jeu de base",$B$4,$B$5)),IF(N39="croisière",$B$6*SQRT(G39),"N/A")) -> N/A | P39: =IF(E39="propulsé",IF(ISNUMBER(O39),IF(AND(ISNUMBER(K39),ISNUMBER(L39)),MEDIAN(K39,L39,O39),IF(ISNUMBER(L39),L39,IF(ISNUMBER(K39),K39,O39))),IF(ISNUMBER(K39),K39,"N/A")),IF(E39="arme à feu",IF(ISNUMBER(J39),IF(ISNUMBER(K39),MIN(J39,K39),J39),"N/A"),"N/A")) -> 850 | Q39: =IF(NOT(ISNUMBER(P39)),"aucune vitesse définie",IF(E39="arme à feu",IF(AND(ISNUMBER(K39),ISNUMBER(J39),K39<J39),"vitesse max fixée (inférieure à la bouche)","vitesse initiale (bouche)"),IF(AND(ISNUMBER(K39),ISNUMBER(L39)),"médiane fichier / wiki / calcul",IF(ISNUMBER(L39),"wiki Delta-V",IF(ISNUMBER(K39),"vitesse fixée du fichier","calcul ("&N39&IF(AND(N39="fusée",M39>O39),", plafonné","")&")"))))) -> vitesse initiale (bouche) | R39: =IF(ISNUMBER(P39),IF(E39="arme à feu",IF($B$10=1,P39,"N/A"),P39),"N/A") -> 850 | S39: =IF(ISNUMBER(R39),ROUND(1+9*(SUMPRODUCT(ISNUMBER($R$21:$R$153)*($R$21:$R$153<=R39))-1)/(COUNT($R$21:$R$153)-1),1),"N/A") -> 4.5
A40: =B40&"|"&C40 -> 130mm Cannon|Jeu de base | B40: 130mm Cannon | C40: Jeu de base | D40: Canon / mitrailleuse / lance-grenade | E40: =IF(ISNUMBER(G40),"propulsé",IF(D40="Canon / mitrailleuse / lance-grenade","arme à feu","autre")) -> arme à feu | F40: 30 | J40: 1700 | M40: =IF(AND(ISNUMBER(G40),ISNUMBER(H40),ISNUMBER(I40),ISNUMBER(F40)),IF(AND(G40>0,H40>0,I40>0,F40>I40),G40*H40/I40*LN(F40/(F40-I40)),"N/A"),"N/A") -> N/A | N40: =IF(ISNUMBER(M40),IF(AND(H40>=$B$7,G40/(F40*$B$9)<$B$8),"croisière","fusée"),"N/A") -> N/A | O40: =IF(N40="fusée",MIN(M40,IF(C40="Jeu de base",$B$4,$B$5)),IF(N40="croisière",$B$6*SQRT(G40),"N/A")) -> N/A | P40: =IF(E40="propulsé",IF(ISNUMBER(O40),IF(AND(ISNUMBER(K40),ISNUMBER(L40)),MEDIAN(K40,L40,O40),IF(ISNUMBER(L40),L40,IF(ISNUMBER(K40),K40,O40))),IF(ISNUMBER(K40),K40,"N/A")),IF(E40="arme à feu",IF(ISNUMBER(J40),IF(ISNUMBER(K40),MIN(J40,K40),J40),"N/A"),"N/A")) -> 1700 | Q40: =IF(NOT(ISNUMBER(P40)),"aucune vitesse définie",IF(E40="arme à feu",IF(AND(ISNUMBER(K40),ISNUMBER(J40),K40<J40),"vitesse max fixée (inférieure à la bouche)","vitesse initiale (bouche)"),IF(AND(ISNUMBER(K40),ISNUMBER(L40)),"médiane fichier / wiki / calcul",IF(ISNUMBER(L40),"wiki Delta-V",IF(ISNUMBER(K40),"vitesse fixée du fichier","calcul ("&N40&IF(AND(N40="fusée",M40>O40),", plafonné","")&")"))))) -> vitesse initiale (bouche) | R40: =IF(ISNUMBER(P40),IF(E40="arme à feu",IF($B$10=1,P40,"N/A"),P40),"N/A") -> 1700 | S40: =IF(ISNUMBER(R40),ROUND(1+9*(SUMPRODUCT(ISNUMBER($R$21:$R$153)*($R$21:$R$153<=R40))-1)/(COUNT($R$21:$R$153)-1),1),"N/A") -> 8.8
A41: =B41&"|"&C41 -> 155mm Cannon|Jeu de base | B41: 155mm Cannon | C41: Jeu de base | D41: Canon / mitrailleuse / lance-grenade | E41: =IF(ISNUMBER(G41),"propulsé",IF(D41="Canon / mitrailleuse / lance-grenade","arme à feu","autre")) -> arme à feu | F41: 45 | J41: 850 | K41: 850 | M41: =IF(AND(ISNUMBER(G41),ISNUMBER(H41),ISNUMBER(I41),ISNUMBER(F41)),IF(AND(G41>0,H41>0,I41>0,F41>I41),G41*H41/I41*LN(F41/(F41-I41)),"N/A"),"N/A") -> N/A | N41: =IF(ISNUMBER(M41),IF(AND(H41>=$B$7,G41/(F41*$B$9)<$B$8),"croisière","fusée"),"N/A") -> N/A | O41: =IF(N41="fusée",MIN(M41,IF(C41="Jeu de base",$B$4,$B$5)),IF(N41="croisière",$B$6*SQRT(G41),"N/A")) -> N/A | P41: =IF(E41="propulsé",IF(ISNUMBER(O41),IF(AND(ISNUMBER(K41),ISNUMBER(L41)),MEDIAN(K41,L41,O41),IF(ISNUMBER(L41),L41,IF(ISNUMBER(K41),K41,O41))),IF(ISNUMBER(K41),K41,"N/A")),IF(E41="arme à feu",IF(ISNUMBER(J41),IF(ISNUMBER(K41),MIN(J41,K41),J41),"N/A"),"N/A")) -> 850 | Q41: =IF(NOT(ISNUMBER(P41)),"aucune vitesse définie",IF(E41="arme à feu",IF(AND(ISNUMBER(K41),ISNUMBER(J41),K41<J41),"vitesse max fixée (inférieure à la bouche)","vitesse initiale (bouche)"),IF(AND(ISNUMBER(K41),ISNUMBER(L41)),"médiane fichier / wiki / calcul",IF(ISNUMBER(L41),"wiki Delta-V",IF(ISNUMBER(K41),"vitesse fixée du fichier","calcul ("&N41&IF(AND(N41="fusée",M41>O41),", plafonné","")&")"))))) -> vitesse initiale (bouche) | R41: =IF(ISNUMBER(P41),IF(E41="arme à feu",IF($B$10=1,P41,"N/A"),P41),"N/A") -> 850 | S41: =IF(ISNUMBER(R41),ROUND(1+9*(SUMPRODUCT(ISNUMBER($R$21:$R$153)*($R$21:$R$153<=R41))-1)/(COUNT($R$21:$R$153)-1),1),"N/A") -> 4.5
A42: =B42&"|"&C42 -> 155mm Railgun|Jeu de base | B42: 155mm Railgun | C42: Jeu de base | D42: Canon / mitrailleuse / lance-grenade | E42: =IF(ISNUMBER(G42),"propulsé",IF(D42="Canon / mitrailleuse / lance-grenade","arme à feu","autre")) -> arme à feu | F42: 50 | J42: 2380 | M42: =IF(AND(ISNUMBER(G42),ISNUMBER(H42),ISNUMBER(I42),ISNUMBER(F42)),IF(AND(G42>0,H42>0,I42>0,F42>I42),G42*H42/I42*LN(F42/(F42-I42)),"N/A"),"N/A") -> N/A | N42: =IF(ISNUMBER(M42),IF(AND(H42>=$B$7,G42/(F42*$B$9)<$B$8),"croisière","fusée"),"N/A") -> N/A | O42: =IF(N42="fusée",MIN(M42,IF(C42="Jeu de base",$B$4,$B$5)),IF(N42="croisière",$B$6*SQRT(G42),"N/A")) -> N/A | P42: =IF(E42="propulsé",IF(ISNUMBER(O42),IF(AND(ISNUMBER(K42),ISNUMBER(L42)),MEDIAN(K42,L42,O42),IF(ISNUMBER(L42),L42,IF(ISNUMBER(K42),K42,O42))),IF(ISNUMBER(K42),K42,"N/A")),IF(E42="arme à feu",IF(ISNUMBER(J42),IF(ISNUMBER(K42),MIN(J42,K42),J42),"N/A"),"N/A")) -> 2380 | Q42: =IF(NOT(ISNUMBER(P42)),"aucune vitesse définie",IF(E42="arme à feu",IF(AND(ISNUMBER(K42),ISNUMBER(J42),K42<J42),"vitesse max fixée (inférieure à la bouche)","vitesse initiale (bouche)"),IF(AND(ISNUMBER(K42),ISNUMBER(L42)),"médiane fichier / wiki / calcul",IF(ISNUMBER(L42),"wiki Delta-V",IF(ISNUMBER(K42),"vitesse fixée du fichier","calcul ("&N42&IF(AND(N42="fusée",M42>O42),", plafonné","")&")"))))) -> vitesse initiale (bouche) | R42: =IF(ISNUMBER(P42),IF(E42="arme à feu",IF($B$10=1,P42,"N/A"),P42),"N/A") -> 2380 | S42: =IF(ISNUMBER(R42),ROUND(1+9*(SUMPRODUCT(ISNUMBER($R$21:$R$153)*($R$21:$R$153<=R42))-1)/(COUNT($R$21:$R$153)-1),1),"N/A") -> 9.7
A43: =B43&"|"&C43 -> 20mm Autocannon|Jeu de base | B43: 20mm Autocannon | C43: Jeu de base | D43: Canon / mitrailleuse / lance-grenade | E43: =IF(ISNUMBER(G43),"propulsé",IF(D43="Canon / mitrailleuse / lance-grenade","arme à feu","autre")) -> arme à feu | F43: 0.27 | J43: 1100 | M43: =IF(AND(ISNUMBER(G43),ISNUMBER(H43),ISNUMBER(I43),ISNUMBER(F43)),IF(AND(G43>0,H43>0,I43>0,F43>I43),G43*H43/I43*LN(F43/(F43-I43)),"N/A"),"N/A") -> N/A | N43: =IF(ISNUMBER(M43),IF(AND(H43>=$B$7,G43/(F43*$B$9)<$B$8),"croisière","fusée"),"N/A") -> N/A | O43: =IF(N43="fusée",MIN(M43,IF(C43="Jeu de base",$B$4,$B$5)),IF(N43="croisière",$B$6*SQRT(G43),"N/A")) -> N/A | P43: =IF(E43="propulsé",IF(ISNUMBER(O43),IF(AND(ISNUMBER(K43),ISNUMBER(L43)),MEDIAN(K43,L43,O43),IF(ISNUMBER(L43),L43,IF(ISNUMBER(K43),K43,O43))),IF(ISNUMBER(K43),K43,"N/A")),IF(E43="arme à feu",IF(ISNUMBER(J43),IF(ISNUMBER(K43),MIN(J43,K43),J43),"N/A"),"N/A")) -> 1100 | Q43: =IF(NOT(ISNUMBER(P43)),"aucune vitesse définie",IF(E43="arme à feu",IF(AND(ISNUMBER(K43),ISNUMBER(J43),K43<J43),"vitesse max fixée (inférieure à la bouche)","vitesse initiale (bouche)"),IF(AND(ISNUMBER(K43),ISNUMBER(L43)),"médiane fichier / wiki / calcul",IF(ISNUMBER(L43),"wiki Delta-V",IF(ISNUMBER(K43),"vitesse fixée du fichier","calcul ("&N43&IF(AND(N43="fusée",M43>O43),", plafonné","")&")"))))) -> vitesse initiale (bouche) | R43: =IF(ISNUMBER(P43),IF(E43="arme à feu",IF($B$10=1,P43,"N/A"),P43),"N/A") -> 1100 | S43: =IF(ISNUMBER(R43),ROUND(1+9*(SUMPRODUCT(ISNUMBER($R$21:$R$153)*($R$21:$R$153<=R43))-1)/(COUNT($R$21:$R$153)-1),1),"N/A") -> 7.1
A44: =B44&"|"&C44 -> 20mm Rotary Cannon (variante 1)|Jeu de base | B44: 20mm Rotary Cannon (variante 1) | C44: Jeu de base | D44: Canon / mitrailleuse / lance-grenade | E44: =IF(ISNUMBER(G44),"propulsé",IF(D44="Canon / mitrailleuse / lance-grenade","arme à feu","autre")) -> arme à feu | F44: 0.27 | J44: 1100 | M44: =IF(AND(ISNUMBER(G44),ISNUMBER(H44),ISNUMBER(I44),ISNUMBER(F44)),IF(AND(G44>0,H44>0,I44>0,F44>I44),G44*H44/I44*LN(F44/(F44-I44)),"N/A"),"N/A") -> N/A | N44: =IF(ISNUMBER(M44),IF(AND(H44>=$B$7,G44/(F44*$B$9)<$B$8),"croisière","fusée"),"N/A") -> N/A | O44: =IF(N44="fusée",MIN(M44,IF(C44="Jeu de base",$B$4,$B$5)),IF(N44="croisière",$B$6*SQRT(G44),"N/A")) -> N/A | P44: =IF(E44="propulsé",IF(ISNUMBER(O44),IF(AND(ISNUMBER(K44),ISNUMBER(L44)),MEDIAN(K44,L44,O44),IF(ISNUMBER(L44),L44,IF(ISNUMBER(K44),K44,O44))),IF(ISNUMBER(K44),K44,"N/A")),IF(E44="arme à feu",IF(ISNUMBER(J44),IF(ISNUMBER(K44),MIN(J44,K44),J44),"N/A"),"N/A")) -> 1100 | Q44: =IF(NOT(ISNUMBER(P44)),"aucune vitesse définie",IF(E44="arme à feu",IF(AND(ISNUMBER(K44),ISNUMBER(J44),K44<J44),"vitesse max fixée (inférieure à la bouche)","vitesse initiale (bouche)"),IF(AND(ISNUMBER(K44),ISNUMBER(L44)),"médiane fichier / wiki / calcul",IF(ISNUMBER(L44),"wiki Delta-V",IF(ISNUMBER(K44),"vitesse fixée du fichier","calcul ("&N44&IF(AND(N44="fusée",M44>O44),", plafonné","")&")"))))) -> vitesse initiale (bouche) | R44: =IF(ISNUMBER(P44),IF(E44="arme à feu",IF($B$10=1,P44,"N/A"),P44),"N/A") -> 1100 | S44: =IF(ISNUMBER(R44),ROUND(1+9*(SUMPRODUCT(ISNUMBER($R$21:$R$153)*($R$21:$R$153<=R44))-1)/(COUNT($R$21:$R$153)-1),1),"N/A") -> 7.1
A45: =B45&"|"&C45 -> 20mm Rotary Cannon (variante 2)|Jeu de base | B45: 20mm Rotary Cannon (variante 2) | C45: Jeu de base | D45: Canon / mitrailleuse / lance-grenade | E45: =IF(ISNUMBER(G45),"propulsé",IF(D45="Canon / mitrailleuse / lance-grenade","arme à feu","autre")) -> arme à feu | F45: 0.27 | J45: 1100 | M45: =IF(AND(ISNUMBER(G45),ISNUMBER(H45),ISNUMBER(I45),ISNUMBER(F45)),IF(AND(G45>0,H45>0,I45>0,F45>I45),G45*H45/I45*LN(F45/(F45-I45)),"N/A"),"N/A") -> N/A | N45: =IF(ISNUMBER(M45),IF(AND(H45>=$B$7,G45/(F45*$B$9)<$B$8),"croisière","fusée"),"N/A") -> N/A | O45: =IF(N45="fusée",MIN(M45,IF(C45="Jeu de base",$B$4,$B$5)),IF(N45="croisière",$B$6*SQRT(G45),"N/A")) -> N/A | P45: =IF(E45="propulsé",IF(ISNUMBER(O45),IF(AND(ISNUMBER(K45),ISNUMBER(L45)),MEDIAN(K45,L45,O45),IF(ISNUMBER(L45),L45,IF(ISNUMBER(K45),K45,O45))),IF(ISNUMBER(K45),K45,"N/A")),IF(E45="arme à feu",IF(ISNUMBER(J45),IF(ISNUMBER(K45),MIN(J45,K45),J45),"N/A"),"N/A")) -> 1100 | Q45: =IF(NOT(ISNUMBER(P45)),"aucune vitesse définie",IF(E45="arme à feu",IF(AND(ISNUMBER(K45),ISNUMBER(J45),K45<J45),"vitesse max fixée (inférieure à la bouche)","vitesse initiale (bouche)"),IF(AND(ISNUMBER(K45),ISNUMBER(L45)),"médiane fichier / wiki / calcul",IF(ISNUMBER(L45),"wiki Delta-V",IF(ISNUMBER(K45),"vitesse fixée du fichier","calcul ("&N45&IF(AND(N45="fusée",M45>O45),", plafonné","")&")"))))) -> vitesse initiale (bouche) | R45: =IF(ISNUMBER(P45),IF(E45="arme à feu",IF($B$10=1,P45,"N/A"),P45),"N/A") -> 1100 | S45: =IF(ISNUMBER(R45),ROUND(1+9*(SUMPRODUCT(ISNUMBER($R$21:$R$153)*($R$21:$R$153<=R45))-1)/(COUNT($R$21:$R$153)-1),1),"N/A") -> 7.1
A46: =B46&"|"&C46 -> 20mm Rotary Cannon (variante 3)|Jeu de base | B46: 20mm Rotary Cannon (variante 3) | C46: Jeu de base | D46: Canon / mitrailleuse / lance-grenade | E46: =IF(ISNUMBER(G46),"propulsé",IF(D46="Canon / mitrailleuse / lance-grenade","arme à feu","autre")) -> arme à feu | F46: 0.27 | J46: 1040 | K46: 1100 | M46: =IF(AND(ISNUMBER(G46),ISNUMBER(H46),ISNUMBER(I46),ISNUMBER(F46)),IF(AND(G46>0,H46>0,I46>0,F46>I46),G46*H46/I46*LN(F46/(F46-I46)),"N/A"),"N/A") -> N/A | N46: =IF(ISNUMBER(M46),IF(AND(H46>=$B$7,G46/(F46*$B$9)<$B$8),"croisière","fusée"),"N/A") -> N/A | O46: =IF(N46="fusée",MIN(M46,IF(C46="Jeu de base",$B$4,$B$5)),IF(N46="croisière",$B$6*SQRT(G46),"N/A")) -> N/A | P46: =IF(E46="propulsé",IF(ISNUMBER(O46),IF(AND(ISNUMBER(K46),ISNUMBER(L46)),MEDIAN(K46,L46,O46),IF(ISNUMBER(L46),L46,IF(ISNUMBER(K46),K46,O46))),IF(ISNUMBER(K46),K46,"N/A")),IF(E46="arme à feu",IF(ISNUMBER(J46),IF(ISNUMBER(K46),MIN(J46,K46),J46),"N/A"),"N/A")) -> 1040 | Q46: =IF(NOT(ISNUMBER(P46)),"aucune vitesse définie",IF(E46="arme à feu",IF(AND(ISNUMBER(K46),ISNUMBER(J46),K46<J46),"vitesse max fixée (inférieure à la bouche)","vitesse initiale (bouche)"),IF(AND(ISNUMBER(K46),ISNUMBER(L46)),"médiane fichier / wiki / calcul",IF(ISNUMBER(L46),"wiki Delta-V",IF(ISNUMBER(K46),"vitesse fixée du fichier","calcul ("&N46&IF(AND(N46="fusée",M46>O46),", plafonné","")&")"))))) -> vitesse initiale (bouche) | R46: =IF(ISNUMBER(P46),IF(E46="arme à feu",IF($B$10=1,P46,"N/A"),P46),"N/A") -> 1040 | S46: =IF(ISNUMBER(R46),ROUND(1+9*(SUMPRODUCT(ISNUMBER($R$21:$R$153)*($R$21:$R$153<=R46))-1)/(COUNT($R$21:$R$153)-1),1),"N/A") -> 5.6
A47: =B47&"|"&C47 -> 23mm Autocannon|Jeu de base | B47: 23mm Autocannon | C47: Jeu de base | D47: Canon / mitrailleuse / lance-grenade | E47: =IF(ISNUMBER(G47),"propulsé",IF(D47="Canon / mitrailleuse / lance-grenade","arme à feu","autre")) -> arme à feu | F47: 0.4 | J47: 980 | K47: 980 | M47: =IF(AND(ISNUMBER(G47),ISNUMBER(H47),ISNUMBER(I47),ISNUMBER(F47)),IF(AND(G47>0,H47>0,I47>0,F47>I47),G47*H47/I47*LN(F47/(F47-I47)),"N/A"),"N/A") -> N/A | N47: =IF(ISNUMBER(M47),IF(AND(H47>=$B$7,G47/(F47*$B$9)<$B$8),"croisière","fusée"),"N/A") -> N/A | O47: =IF(N47="fusée",MIN(M47,IF(C47="Jeu de base",$B$4,$B$5)),IF(N47="croisière",$B$6*SQRT(G47),"N/A")) -> N/A | P47: =IF(E47="propulsé",IF(ISNUMBER(O47),IF(AND(ISNUMBER(K47),ISNUMBER(L47)),MEDIAN(K47,L47,O47),IF(ISNUMBER(L47),L47,IF(ISNUMBER(K47),K47,O47))),IF(ISNUMBER(K47),K47,"N/A")),IF(E47="arme à feu",IF(ISNUMBER(J47),IF(ISNUMBER(K47),MIN(J47,K47),J47),"N/A"),"N/A")) -> 980 | Q47: =IF(NOT(ISNUMBER(P47)),"aucune vitesse définie",IF(E47="arme à feu",IF(AND(ISNUMBER(K47),ISNUMBER(J47),K47<J47),"vitesse max fixée (inférieure à la bouche)","vitesse initiale (bouche)"),IF(AND(ISNUMBER(K47),ISNUMBER(L47)),"médiane fichier / wiki / calcul",IF(ISNUMBER(L47),"wiki Delta-V",IF(ISNUMBER(K47),"vitesse fixée du fichier","calcul ("&N47&IF(AND(N47="fusée",M47>O47),", plafonné","")&")"))))) -> vitesse initiale (bouche) | R47: =IF(ISNUMBER(P47),IF(E47="arme à feu",IF($B$10=1,P47,"N/A"),P47),"N/A") -> 980 | S47: =IF(ISNUMBER(R47),ROUND(1+9*(SUMPRODUCT(ISNUMBER($R$21:$R$153)*($R$21:$R$153<=R47))-1)/(COUNT($R$21:$R$153)-1),1),"N/A") -> 5.2
A48: =B48&"|"&C48 -> 25mm Autocannon|Jeu de base | B48: 25mm Autocannon | C48: Jeu de base | D48: Canon / mitrailleuse / lance-grenade | E48: =IF(ISNUMBER(G48),"propulsé",IF(D48="Canon / mitrailleuse / lance-grenade","arme à feu","autre")) -> arme à feu | F48: 0.4 | J48: 1100 | M48: =IF(AND(ISNUMBER(G48),ISNUMBER(H48),ISNUMBER(I48),ISNUMBER(F48)),IF(AND(G48>0,H48>0,I48>0,F48>I48),G48*H48/I48*LN(F48/(F48-I48)),"N/A"),"N/A") -> N/A | N48: =IF(ISNUMBER(M48),IF(AND(H48>=$B$7,G48/(F48*$B$9)<$B$8),"croisière","fusée"),"N/A") -> N/A | O48: =IF(N48="fusée",MIN(M48,IF(C48="Jeu de base",$B$4,$B$5)),IF(N48="croisière",$B$6*SQRT(G48),"N/A")) -> N/A | P48: =IF(E48="propulsé",IF(ISNUMBER(O48),IF(AND(ISNUMBER(K48),ISNUMBER(L48)),MEDIAN(K48,L48,O48),IF(ISNUMBER(L48),L48,IF(ISNUMBER(K48),K48,O48))),IF(ISNUMBER(K48),K48,"N/A")),IF(E48="arme à feu",IF(ISNUMBER(J48),IF(ISNUMBER(K48),MIN(J48,K48),J48),"N/A"),"N/A")) -> 1100 | Q48: =IF(NOT(ISNUMBER(P48)),"aucune vitesse définie",IF(E48="arme à feu",IF(AND(ISNUMBER(K48),ISNUMBER(J48),K48<J48),"vitesse max fixée (inférieure à la bouche)","vitesse initiale (bouche)"),IF(AND(ISNUMBER(K48),ISNUMBER(L48)),"médiane fichier / wiki / calcul",IF(ISNUMBER(L48),"wiki Delta-V",IF(ISNUMBER(K48),"vitesse fixée du fichier","calcul ("&N48&IF(AND(N48="fusée",M48>O48),", plafonné","")&")"))))) -> vitesse initiale (bouche) | R48: =IF(ISNUMBER(P48),IF(E48="arme à feu",IF($B$10=1,P48,"N/A"),P48),"N/A") -> 1100 | S48: =IF(ISNUMBER(R48),ROUND(1+9*(SUMPRODUCT(ISNUMBER($R$21:$R$153)*($R$21:$R$153<=R48))-1)/(COUNT($R$21:$R$153)-1),1),"N/A") -> 7.1
A49: =B49&"|"&C49 -> 25mm Rotary Cannon|Jeu de base | B49: 25mm Rotary Cannon | C49: Jeu de base | D49: Canon / mitrailleuse / lance-grenade | E49: =IF(ISNUMBER(G49),"propulsé",IF(D49="Canon / mitrailleuse / lance-grenade","arme à feu","autre")) -> arme à feu | F49: 0.4 | J49: 1100 | M49: =IF(AND(ISNUMBER(G49),ISNUMBER(H49),ISNUMBER(I49),ISNUMBER(F49)),IF(AND(G49>0,H49>0,I49>0,F49>I49),G49*H49/I49*LN(F49/(F49-I49)),"N/A"),"N/A") -> N/A | N49: =IF(ISNUMBER(M49),IF(AND(H49>=$B$7,G49/(F49*$B$9)<$B$8),"croisière","fusée"),"N/A") -> N/A | O49: =IF(N49="fusée",MIN(M49,IF(C49="Jeu de base",$B$4,$B$5)),IF(N49="croisière",$B$6*SQRT(G49),"N/A")) -> N/A | P49: =IF(E49="propulsé",IF(ISNUMBER(O49),IF(AND(ISNUMBER(K49),ISNUMBER(L49)),MEDIAN(K49,L49,O49),IF(ISNUMBER(L49),L49,IF(ISNUMBER(K49),K49,O49))),IF(ISNUMBER(K49),K49,"N/A")),IF(E49="arme à feu",IF(ISNUMBER(J49),IF(ISNUMBER(K49),MIN(J49,K49),J49),"N/A"),"N/A")) -> 1100 | Q49: =IF(NOT(ISNUMBER(P49)),"aucune vitesse définie",IF(E49="arme à feu",IF(AND(ISNUMBER(K49),ISNUMBER(J49),K49<J49),"vitesse max fixée (inférieure à la bouche)","vitesse initiale (bouche)"),IF(AND(ISNUMBER(K49),ISNUMBER(L49)),"médiane fichier / wiki / calcul",IF(ISNUMBER(L49),"wiki Delta-V",IF(ISNUMBER(K49),"vitesse fixée du fichier","calcul ("&N49&IF(AND(N49="fusée",M49>O49),", plafonné","")&")"))))) -> vitesse initiale (bouche) | R49: =IF(ISNUMBER(P49),IF(E49="arme à feu",IF($B$10=1,P49,"N/A"),P49),"N/A") -> 1100 | S49: =IF(ISNUMBER(R49),ROUND(1+9*(SUMPRODUCT(ISNUMBER($R$21:$R$153)*($R$21:$R$153<=R49))-1)/(COUNT($R$21:$R$153)-1),1),"N/A") -> 7.1
A50: =B50&"|"&C50 -> 27mm Autocannon|Jeu de base | B50: 27mm Autocannon | C50: Jeu de base | D50: Canon / mitrailleuse / lance-grenade | E50: =IF(ISNUMBER(G50),"propulsé",IF(D50="Canon / mitrailleuse / lance-grenade","arme à feu","autre")) -> arme à feu | F50: 0.45 | J50: 1100 | M50: =IF(AND(ISNUMBER(G50),ISNUMBER(H50),ISNUMBER(I50),ISNUMBER(F50)),IF(AND(G50>0,H50>0,I50>0,F50>I50),G50*H50/I50*LN(F50/(F50-I50)),"N/A"),"N/A") -> N/A | N50: =IF(ISNUMBER(M50),IF(AND(H50>=$B$7,G50/(F50*$B$9)<$B$8),"croisière","fusée"),"N/A") -> N/A | O50: =IF(N50="fusée",MIN(M50,IF(C50="Jeu de base",$B$4,$B$5)),IF(N50="croisière",$B$6*SQRT(G50),"N/A")) -> N/A | P50: =IF(E50="propulsé",IF(ISNUMBER(O50),IF(AND(ISNUMBER(K50),ISNUMBER(L50)),MEDIAN(K50,L50,O50),IF(ISNUMBER(L50),L50,IF(ISNUMBER(K50),K50,O50))),IF(ISNUMBER(K50),K50,"N/A")),IF(E50="arme à feu",IF(ISNUMBER(J50),IF(ISNUMBER(K50),MIN(J50,K50),J50),"N/A"),"N/A")) -> 1100 | Q50: =IF(NOT(ISNUMBER(P50)),"aucune vitesse définie",IF(E50="arme à feu",IF(AND(ISNUMBER(K50),ISNUMBER(J50),K50<J50),"vitesse max fixée (inférieure à la bouche)","vitesse initiale (bouche)"),IF(AND(ISNUMBER(K50),ISNUMBER(L50)),"médiane fichier / wiki / calcul",IF(ISNUMBER(L50),"wiki Delta-V",IF(ISNUMBER(K50),"vitesse fixée du fichier","calcul ("&N50&IF(AND(N50="fusée",M50>O50),", plafonné","")&")"))))) -> vitesse initiale (bouche) | R50: =IF(ISNUMBER(P50),IF(E50="arme à feu",IF($B$10=1,P50,"N/A"),P50),"N/A") -> 1100 | S50: =IF(ISNUMBER(R50),ROUND(1+9*(SUMPRODUCT(ISNUMBER($R$21:$R$153)*($R$21:$R$153<=R50))-1)/(COUNT($R$21:$R$153)-1),1),"N/A") -> 7.1
A51: =B51&"|"&C51 -> 30mm Cannon|Jeu de base | B51: 30mm Cannon | C51: Jeu de base | D51: Canon / mitrailleuse / lance-grenade | E51: =IF(ISNUMBER(G51),"propulsé",IF(D51="Canon / mitrailleuse / lance-grenade","arme à feu","autre")) -> arme à feu | F51: 0.85 | J51: 1200 | M51: =IF(AND(ISNUMBER(G51),ISNUMBER(H51),ISNUMBER(I51),ISNUMBER(F51)),IF(AND(G51>0,H51>0,I51>0,F51>I51),G51*H51/I51*LN(F51/(F51-I51)),"N/A"),"N/A") -> N/A | N51: =IF(ISNUMBER(M51),IF(AND(H51>=$B$7,G51/(F51*$B$9)<$B$8),"croisière","fusée"),"N/A") -> N/A | O51: =IF(N51="fusée",MIN(M51,IF(C51="Jeu de base",$B$4,$B$5)),IF(N51="croisière",$B$6*SQRT(G51),"N/A")) -> N/A | P51: =IF(E51="propulsé",IF(ISNUMBER(O51),IF(AND(ISNUMBER(K51),ISNUMBER(L51)),MEDIAN(K51,L51,O51),IF(ISNUMBER(L51),L51,IF(ISNUMBER(K51),K51,O51))),IF(ISNUMBER(K51),K51,"N/A")),IF(E51="arme à feu",IF(ISNUMBER(J51),IF(ISNUMBER(K51),MIN(J51,K51),J51),"N/A"),"N/A")) -> 1200 | Q51: =IF(NOT(ISNUMBER(P51)),"aucune vitesse définie",IF(E51="arme à feu",IF(AND(ISNUMBER(K51),ISNUMBER(J51),K51<J51),"vitesse max fixée (inférieure à la bouche)","vitesse initiale (bouche)"),IF(AND(ISNUMBER(K51),ISNUMBER(L51)),"médiane fichier / wiki / calcul",IF(ISNUMBER(L51),"wiki Delta-V",IF(ISNUMBER(K51),"vitesse fixée du fichier","calcul ("&N51&IF(AND(N51="fusée",M51>O51),", plafonné","")&")"))))) -> vitesse initiale (bouche) | R51: =IF(ISNUMBER(P51),IF(E51="arme à feu",IF($B$10=1,P51,"N/A"),P51),"N/A") -> 1200 | S51: =IF(ISNUMBER(R51),ROUND(1+9*(SUMPRODUCT(ISNUMBER($R$21:$R$153)*($R$21:$R$153<=R51))-1)/(COUNT($R$21:$R$153)-1),1),"N/A") -> 7.9
A52: =B52&"|"&C52 -> 30mm Chaingun|Jeu de base | B52: 30mm Chaingun | C52: Jeu de base | D52: Canon / mitrailleuse / lance-grenade | E52: =IF(ISNUMBER(G52),"propulsé",IF(D52="Canon / mitrailleuse / lance-grenade","arme à feu","autre")) -> arme à feu | F52: 0.5 | J52: 805 | M52: =IF(AND(ISNUMBER(G52),ISNUMBER(H52),ISNUMBER(I52),ISNUMBER(F52)),IF(AND(G52>0,H52>0,I52>0,F52>I52),G52*H52/I52*LN(F52/(F52-I52)),"N/A"),"N/A") -> N/A | N52: =IF(ISNUMBER(M52),IF(AND(H52>=$B$7,G52/(F52*$B$9)<$B$8),"croisière","fusée"),"N/A") -> N/A | O52: =IF(N52="fusée",MIN(M52,IF(C52="Jeu de base",$B$4,$B$5)),IF(N52="croisière",$B$6*SQRT(G52),"N/A")) -> N/A | P52: =IF(E52="propulsé",IF(ISNUMBER(O52),IF(AND(ISNUMBER(K52),ISNUMBER(L52)),MEDIAN(K52,L52,O52),IF(ISNUMBER(L52),L52,IF(ISNUMBER(K52),K52,O52))),IF(ISNUMBER(K52),K52,"N/A")),IF(E52="arme à feu",IF(ISNUMBER(J52),IF(ISNUMBER(K52),MIN(J52,K52),J52),"N/A"),"N/A")) -> 805 | Q52: =IF(NOT(ISNUMBER(P52)),"aucune vitesse définie",IF(E52="arme à feu",IF(AND(ISNUMBER(K52),ISNUMBER(J52),K52<J52),"vitesse max fixée (inférieure à la bouche)","vitesse initiale (bouche)"),IF(AND(ISNUMBER(K52),ISNUMBER(L52)),"médiane fichier / wiki / calcul",IF(ISNUMBER(L52),"wiki Delta-V",IF(ISNUMBER(K52),"vitesse fixée du fichier","calcul ("&N52&IF(AND(N52="fusée",M52>O52),", plafonné","")&")"))))) -> vitesse initiale (bouche) | R52: =IF(ISNUMBER(P52),IF(E52="arme à feu",IF($B$10=1,P52,"N/A"),P52),"N/A") -> 805 | S52: =IF(ISNUMBER(R52),ROUND(1+9*(SUMPRODUCT(ISNUMBER($R$21:$R$153)*($R$21:$R$153<=R52))-1)/(COUNT($R$21:$R$153)-1),1),"N/A") -> 3.7
A53: =B53&"|"&C53 -> 30mm Rotary Cannon (variante 1)|Jeu de base | B53: 30mm Rotary Cannon (variante 1) | C53: Jeu de base | D53: Canon / mitrailleuse / lance-grenade | E53: =IF(ISNUMBER(G53),"propulsé",IF(D53="Canon / mitrailleuse / lance-grenade","arme à feu","autre")) -> arme à feu | F53: 0.85 | J53: 1100 | M53: =IF(AND(ISNUMBER(G53),ISNUMBER(H53),ISNUMBER(I53),ISNUMBER(F53)),IF(AND(G53>0,H53>0,I53>0,F53>I53),G53*H53/I53*LN(F53/(F53-I53)),"N/A"),"N/A") -> N/A | N53: =IF(ISNUMBER(M53),IF(AND(H53>=$B$7,G53/(F53*$B$9)<$B$8),"croisière","fusée"),"N/A") -> N/A | O53: =IF(N53="fusée",MIN(M53,IF(C53="Jeu de base",$B$4,$B$5)),IF(N53="croisière",$B$6*SQRT(G53),"N/A")) -> N/A | P53: =IF(E53="propulsé",IF(ISNUMBER(O53),IF(AND(ISNUMBER(K53),ISNUMBER(L53)),MEDIAN(K53,L53,O53),IF(ISNUMBER(L53),L53,IF(ISNUMBER(K53),K53,O53))),IF(ISNUMBER(K53),K53,"N/A")),IF(E53="arme à feu",IF(ISNUMBER(J53),IF(ISNUMBER(K53),MIN(J53,K53),J53),"N/A"),"N/A")) -> 1100 | Q53: =IF(NOT(ISNUMBER(P53)),"aucune vitesse définie",IF(E53="arme à feu",IF(AND(ISNUMBER(K53),ISNUMBER(J53),K53<J53),"vitesse max fixée (inférieure à la bouche)","vitesse initiale (bouche)"),IF(AND(ISNUMBER(K53),ISNUMBER(L53)),"médiane fichier / wiki / calcul",IF(ISNUMBER(L53),"wiki Delta-V",IF(ISNUMBER(K53),"vitesse fixée du fichier","calcul ("&N53&IF(AND(N53="fusée",M53>O53),", plafonné","")&")"))))) -> vitesse initiale (bouche) | R53: =IF(ISNUMBER(P53),IF(E53="arme à feu",IF($B$10=1,P53,"N/A"),P53),"N/A") -> 1100 | S53: =IF(ISNUMBER(R53),ROUND(1+9*(SUMPRODUCT(ISNUMBER($R$21:$R$153)*($R$21:$R$153<=R53))-1)/(COUNT($R$21:$R$153)-1),1),"N/A") -> 7.1
A54: =B54&"|"&C54 -> 30mm Rotary Cannon (variante 2)|Jeu de base | B54: 30mm Rotary Cannon (variante 2) | C54: Jeu de base | D54: Canon / mitrailleuse / lance-grenade | E54: =IF(ISNUMBER(G54),"propulsé",IF(D54="Canon / mitrailleuse / lance-grenade","arme à feu","autre")) -> arme à feu | F54: 0.5 | J54: 825 | K54: 825 | M54: =IF(AND(ISNUMBER(G54),ISNUMBER(H54),ISNUMBER(I54),ISNUMBER(F54)),IF(AND(G54>0,H54>0,I54>0,F54>I54),G54*H54/I54*LN(F54/(F54-I54)),"N/A"),"N/A") -> N/A | N54: =IF(ISNUMBER(M54),IF(AND(H54>=$B$7,G54/(F54*$B$9)<$B$8),"croisière","fusée"),"N/A") -> N/A | O54: =IF(N54="fusée",MIN(M54,IF(C54="Jeu de base",$B$4,$B$5)),IF(N54="croisière",$B$6*SQRT(G54),"N/A")) -> N/A | P54: =IF(E54="propulsé",IF(ISNUMBER(O54),IF(AND(ISNUMBER(K54),ISNUMBER(L54)),MEDIAN(K54,L54,O54),IF(ISNUMBER(L54),L54,IF(ISNUMBER(K54),K54,O54))),IF(ISNUMBER(K54),K54,"N/A")),IF(E54="arme à feu",IF(ISNUMBER(J54),IF(ISNUMBER(K54),MIN(J54,K54),J54),"N/A"),"N/A")) -> 825 | Q54: =IF(NOT(ISNUMBER(P54)),"aucune vitesse définie",IF(E54="arme à feu",IF(AND(ISNUMBER(K54),ISNUMBER(J54),K54<J54),"vitesse max fixée (inférieure à la bouche)","vitesse initiale (bouche)"),IF(AND(ISNUMBER(K54),ISNUMBER(L54)),"médiane fichier / wiki / calcul",IF(ISNUMBER(L54),"wiki Delta-V",IF(ISNUMBER(K54),"vitesse fixée du fichier","calcul ("&N54&IF(AND(N54="fusée",M54>O54),", plafonné","")&")"))))) -> vitesse initiale (bouche) | R54: =IF(ISNUMBER(P54),IF(E54="arme à feu",IF($B$10=1,P54,"N/A"),P54),"N/A") -> 825 | S54: =IF(ISNUMBER(R54),ROUND(1+9*(SUMPRODUCT(ISNUMBER($R$21:$R$153)*($R$21:$R$153<=R54))-1)/(COUNT($R$21:$R$153)-1),1),"N/A") -> 4
A55: =B55&"|"&C55 -> 35mm Autocannon|Jeu de base | B55: 35mm Autocannon | C55: Jeu de base | D55: Canon / mitrailleuse / lance-grenade | E55: =IF(ISNUMBER(G55),"propulsé",IF(D55="Canon / mitrailleuse / lance-grenade","arme à feu","autre")) -> arme à feu | F55: 1.4 | J55: 1175 | M55: =IF(AND(ISNUMBER(G55),ISNUMBER(H55),ISNUMBER(I55),ISNUMBER(F55)),IF(AND(G55>0,H55>0,I55>0,F55>I55),G55*H55/I55*LN(F55/(F55-I55)),"N/A"),"N/A") -> N/A | N55: =IF(ISNUMBER(M55),IF(AND(H55>=$B$7,G55/(F55*$B$9)<$B$8),"croisière","fusée"),"N/A") -> N/A | O55: =IF(N55="fusée",MIN(M55,IF(C55="Jeu de base",$B$4,$B$5)),IF(N55="croisière",$B$6*SQRT(G55),"N/A")) -> N/A | P55: =IF(E55="propulsé",IF(ISNUMBER(O55),IF(AND(ISNUMBER(K55),ISNUMBER(L55)),MEDIAN(K55,L55,O55),IF(ISNUMBER(L55),L55,IF(ISNUMBER(K55),K55,O55))),IF(ISNUMBER(K55),K55,"N/A")),IF(E55="arme à feu",IF(ISNUMBER(J55),IF(ISNUMBER(K55),MIN(J55,K55),J55),"N/A"),"N/A")) -> 1175 | Q55: =IF(NOT(ISNUMBER(P55)),"aucune vitesse définie",IF(E55="arme à feu",IF(AND(ISNUMBER(K55),ISNUMBER(J55),K55<J55),"vitesse max fixée (inférieure à la bouche)","vitesse initiale (bouche)"),IF(AND(ISNUMBER(K55),ISNUMBER(L55)),"médiane fichier / wiki / calcul",IF(ISNUMBER(L55),"wiki Delta-V",IF(ISNUMBER(K55),"vitesse fixée du fichier","calcul ("&N55&IF(AND(N55="fusée",M55>O55),", plafonné","")&")"))))) -> vitesse initiale (bouche) | R55: =IF(ISNUMBER(P55),IF(E55="arme à feu",IF($B$10=1,P55,"N/A"),P55),"N/A") -> 1175 | S55: =IF(ISNUMBER(R55),ROUND(1+9*(SUMPRODUCT(ISNUMBER($R$21:$R$153)*($R$21:$R$153<=R55))-1)/(COUNT($R$21:$R$153)-1),1),"N/A") -> 7.7
A56: =B56&"|"&C56 -> 40mm Cannon|Jeu de base | B56: 40mm Cannon | C56: Jeu de base | D56: Canon / mitrailleuse / lance-grenade | E56: =IF(ISNUMBER(G56),"propulsé",IF(D56="Canon / mitrailleuse / lance-grenade","arme à feu","autre")) -> arme à feu | F56: 0.9 | J56: 1100 | M56: =IF(AND(ISNUMBER(G56),ISNUMBER(H56),ISNUMBER(I56),ISNUMBER(F56)),IF(AND(G56>0,H56>0,I56>0,F56>I56),G56*H56/I56*LN(F56/(F56-I56)),"N/A"),"N/A") -> N/A | N56: =IF(ISNUMBER(M56),IF(AND(H56>=$B$7,G56/(F56*$B$9)<$B$8),"croisière","fusée"),"N/A") -> N/A | O56: =IF(N56="fusée",MIN(M56,IF(C56="Jeu de base",$B$4,$B$5)),IF(N56="croisière",$B$6*SQRT(G56),"N/A")) -> N/A | P56: =IF(E56="propulsé",IF(ISNUMBER(O56),IF(AND(ISNUMBER(K56),ISNUMBER(L56)),MEDIAN(K56,L56,O56),IF(ISNUMBER(L56),L56,IF(ISNUMBER(K56),K56,O56))),IF(ISNUMBER(K56),K56,"N/A")),IF(E56="arme à feu",IF(ISNUMBER(J56),IF(ISNUMBER(K56),MIN(J56,K56),J56),"N/A"),"N/A")) -> 1100 | Q56: =IF(NOT(ISNUMBER(P56)),"aucune vitesse définie",IF(E56="arme à feu",IF(AND(ISNUMBER(K56),ISNUMBER(J56),K56<J56),"vitesse max fixée (inférieure à la bouche)","vitesse initiale (bouche)"),IF(AND(ISNUMBER(K56),ISNUMBER(L56)),"médiane fichier / wiki / calcul",IF(ISNUMBER(L56),"wiki Delta-V",IF(ISNUMBER(K56),"vitesse fixée du fichier","calcul ("&N56&IF(AND(N56="fusée",M56>O56),", plafonné","")&")"))))) -> vitesse initiale (bouche) | R56: =IF(ISNUMBER(P56),IF(E56="arme à feu",IF($B$10=1,P56,"N/A"),P56),"N/A") -> 1100 | S56: =IF(ISNUMBER(R56),ROUND(1+9*(SUMPRODUCT(ISNUMBER($R$21:$R$153)*($R$21:$R$153<=R56))-1)/(COUNT($R$21:$R$153)-1),1),"N/A") -> 7.1
A57: =B57&"|"&C57 -> 40mm GMG|Jeu de base | B57: 40mm GMG | C57: Jeu de base | D57: Canon / mitrailleuse / lance-grenade | E57: =IF(ISNUMBER(G57),"propulsé",IF(D57="Canon / mitrailleuse / lance-grenade","arme à feu","autre")) -> arme à feu | F57: 0.4 | J57: 240 | M57: =IF(AND(ISNUMBER(G57),ISNUMBER(H57),ISNUMBER(I57),ISNUMBER(F57)),IF(AND(G57>0,H57>0,I57>0,F57>I57),G57*H57/I57*LN(F57/(F57-I57)),"N/A"),"N/A") -> N/A | N57: =IF(ISNUMBER(M57),IF(AND(H57>=$B$7,G57/(F57*$B$9)<$B$8),"croisière","fusée"),"N/A") -> N/A | O57: =IF(N57="fusée",MIN(M57,IF(C57="Jeu de base",$B$4,$B$5)),IF(N57="croisière",$B$6*SQRT(G57),"N/A")) -> N/A | P57: =IF(E57="propulsé",IF(ISNUMBER(O57),IF(AND(ISNUMBER(K57),ISNUMBER(L57)),MEDIAN(K57,L57,O57),IF(ISNUMBER(L57),L57,IF(ISNUMBER(K57),K57,O57))),IF(ISNUMBER(K57),K57,"N/A")),IF(E57="arme à feu",IF(ISNUMBER(J57),IF(ISNUMBER(K57),MIN(J57,K57),J57),"N/A"),"N/A")) -> 240 | Q57: =IF(NOT(ISNUMBER(P57)),"aucune vitesse définie",IF(E57="arme à feu",IF(AND(ISNUMBER(K57),ISNUMBER(J57),K57<J57),"vitesse max fixée (inférieure à la bouche)","vitesse initiale (bouche)"),IF(AND(ISNUMBER(K57),ISNUMBER(L57)),"médiane fichier / wiki / calcul",IF(ISNUMBER(L57),"wiki Delta-V",IF(ISNUMBER(K57),"vitesse fixée du fichier","calcul ("&N57&IF(AND(N57="fusée",M57>O57),", plafonné","")&")"))))) -> vitesse initiale (bouche) | R57: =IF(ISNUMBER(P57),IF(E57="arme à feu",IF($B$10=1,P57,"N/A"),P57),"N/A") -> 240 | S57: =IF(ISNUMBER(R57),ROUND(1+9*(SUMPRODUCT(ISNUMBER($R$21:$R$153)*($R$21:$R$153<=R57))-1)/(COUNT($R$21:$R$153)-1),1),"N/A") -> 1.3
A58: =B58&"|"&C58 -> 40mm Grenade|Jeu de base | B58: 40mm Grenade | C58: Jeu de base | D58: Canon / mitrailleuse / lance-grenade | E58: =IF(ISNUMBER(G58),"propulsé",IF(D58="Canon / mitrailleuse / lance-grenade","arme à feu","autre")) -> arme à feu | F58: 0.4 | J58: 110 | K58: 110 | M58: =IF(AND(ISNUMBER(G58),ISNUMBER(H58),ISNUMBER(I58),ISNUMBER(F58)),IF(AND(G58>0,H58>0,I58>0,F58>I58),G58*H58/I58*LN(F58/(F58-I58)),"N/A"),"N/A") -> N/A | N58: =IF(ISNUMBER(M58),IF(AND(H58>=$B$7,G58/(F58*$B$9)<$B$8),"croisière","fusée"),"N/A") -> N/A | O58: =IF(N58="fusée",MIN(M58,IF(C58="Jeu de base",$B$4,$B$5)),IF(N58="croisière",$B$6*SQRT(G58),"N/A")) -> N/A | P58: =IF(E58="propulsé",IF(ISNUMBER(O58),IF(AND(ISNUMBER(K58),ISNUMBER(L58)),MEDIAN(K58,L58,O58),IF(ISNUMBER(L58),L58,IF(ISNUMBER(K58),K58,O58))),IF(ISNUMBER(K58),K58,"N/A")),IF(E58="arme à feu",IF(ISNUMBER(J58),IF(ISNUMBER(K58),MIN(J58,K58),J58),"N/A"),"N/A")) -> 110 | Q58: =IF(NOT(ISNUMBER(P58)),"aucune vitesse définie",IF(E58="arme à feu",IF(AND(ISNUMBER(K58),ISNUMBER(J58),K58<J58),"vitesse max fixée (inférieure à la bouche)","vitesse initiale (bouche)"),IF(AND(ISNUMBER(K58),ISNUMBER(L58)),"médiane fichier / wiki / calcul",IF(ISNUMBER(L58),"wiki Delta-V",IF(ISNUMBER(K58),"vitesse fixée du fichier","calcul ("&N58&IF(AND(N58="fusée",M58>O58),", plafonné","")&")"))))) -> vitesse initiale (bouche) | R58: =IF(ISNUMBER(P58),IF(E58="arme à feu",IF($B$10=1,P58,"N/A"),P58),"N/A") -> 110 | S58: =IF(ISNUMBER(R58),ROUND(1+9*(SUMPRODUCT(ISNUMBER($R$21:$R$153)*($R$21:$R$153<=R58))-1)/(COUNT($R$21:$R$153)-1),1),"N/A") -> 1.1
A59: =B59&"|"&C59 -> 57mm Cannon (variante 1)|Jeu de base | B59: 57mm Cannon (variante 1) | C59: Jeu de base | D59: Canon / mitrailleuse / lance-grenade | E59: =IF(ISNUMBER(G59),"propulsé",IF(D59="Canon / mitrailleuse / lance-grenade","arme à feu","autre")) -> arme à feu | F59: 6 | J59: 1000 | M59: =IF(AND(ISNUMBER(G59),ISNUMBER(H59),ISNUMBER(I59),ISNUMBER(F59)),IF(AND(G59>0,H59>0,I59>0,F59>I59),G59*H59/I59*LN(F59/(F59-I59)),"N/A"),"N/A") -> N/A | N59: =IF(ISNUMBER(M59),IF(AND(H59>=$B$7,G59/(F59*$B$9)<$B$8),"croisière","fusée"),"N/A") -> N/A | O59: =IF(N59="fusée",MIN(M59,IF(C59="Jeu de base",$B$4,$B$5)),IF(N59="croisière",$B$6*SQRT(G59),"N/A")) -> N/A | P59: =IF(E59="propulsé",IF(ISNUMBER(O59),IF(AND(ISNUMBER(K59),ISNUMBER(L59)),MEDIAN(K59,L59,O59),IF(ISNUMBER(L59),L59,IF(ISNUMBER(K59),K59,O59))),IF(ISNUMBER(K59),K59,"N/A")),IF(E59="arme à feu",IF(ISNUMBER(J59),IF(ISNUMBER(K59),MIN(J59,K59),J59),"N/A"),"N/A")) -> 1000 | Q59: =IF(NOT(ISNUMBER(P59)),"aucune vitesse définie",IF(E59="arme à feu",IF(AND(ISNUMBER(K59),ISNUMBER(J59),K59<J59),"vitesse max fixée (inférieure à la bouche)","vitesse initiale (bouche)"),IF(AND(ISNUMBER(K59),ISNUMBER(L59)),"médiane fichier / wiki / calcul",IF(ISNUMBER(L59),"wiki Delta-V",IF(ISNUMBER(K59),"vitesse fixée du fichier","calcul ("&N59&IF(AND(N59="fusée",M59>O59),", plafonné","")&")"))))) -> vitesse initiale (bouche) | R59: =IF(ISNUMBER(P59),IF(E59="arme à feu",IF($B$10=1,P59,"N/A"),P59),"N/A") -> 1000 | S59: =IF(ISNUMBER(R59),ROUND(1+9*(SUMPRODUCT(ISNUMBER($R$21:$R$153)*($R$21:$R$153<=R59))-1)/(COUNT($R$21:$R$153)-1),1),"N/A") -> 5.4
A60: =B60&"|"&C60 -> 57mm Cannon (variante 2)|Jeu de base | B60: 57mm Cannon (variante 2) | C60: Jeu de base | D60: Canon / mitrailleuse / lance-grenade | E60: =IF(ISNUMBER(G60),"propulsé",IF(D60="Canon / mitrailleuse / lance-grenade","arme à feu","autre")) -> arme à feu | F60: 6 | J60: 1100 | K60: 1100 | M60: =IF(AND(ISNUMBER(G60),ISNUMBER(H60),ISNUMBER(I60),ISNUMBER(F60)),IF(AND(G60>0,H60>0,I60>0,F60>I60),G60*H60/I60*LN(F60/(F60-I60)),"N/A"),"N/A") -> N/A | N60: =IF(ISNUMBER(M60),IF(AND(H60>=$B$7,G60/(F60*$B$9)<$B$8),"croisière","fusée"),"N/A") -> N/A | O60: =IF(N60="fusée",MIN(M60,IF(C60="Jeu de base",$B$4,$B$5)),IF(N60="croisière",$B$6*SQRT(G60),"N/A")) -> N/A | P60: =IF(E60="propulsé",IF(ISNUMBER(O60),IF(AND(ISNUMBER(K60),ISNUMBER(L60)),MEDIAN(K60,L60,O60),IF(ISNUMBER(L60),L60,IF(ISNUMBER(K60),K60,O60))),IF(ISNUMBER(K60),K60,"N/A")),IF(E60="arme à feu",IF(ISNUMBER(J60),IF(ISNUMBER(K60),MIN(J60,K60),J60),"N/A"),"N/A")) -> 1100 | Q60: =IF(NOT(ISNUMBER(P60)),"aucune vitesse définie",IF(E60="arme à feu",IF(AND(ISNUMBER(K60),ISNUMBER(J60),K60<J60),"vitesse max fixée (inférieure à la bouche)","vitesse initiale (bouche)"),IF(AND(ISNUMBER(K60),ISNUMBER(L60)),"médiane fichier / wiki / calcul",IF(ISNUMBER(L60),"wiki Delta-V",IF(ISNUMBER(K60),"vitesse fixée du fichier","calcul ("&N60&IF(AND(N60="fusée",M60>O60),", plafonné","")&")"))))) -> vitesse initiale (bouche) | R60: =IF(ISNUMBER(P60),IF(E60="arme à feu",IF($B$10=1,P60,"N/A"),P60),"N/A") -> 1100 | S60: =IF(ISNUMBER(R60),ROUND(1+9*(SUMPRODUCT(ISNUMBER($R$21:$R$153)*($R$21:$R$153<=R60))-1)/(COUNT($R$21:$R$153)-1),1),"N/A") -> 7.1
A61: =B61&"|"&C61 -> 57mm Cannon (variante 3)|Jeu de base | B61: 57mm Cannon (variante 3) | C61: Jeu de base | D61: Canon / mitrailleuse / lance-grenade | E61: =IF(ISNUMBER(G61),"propulsé",IF(D61="Canon / mitrailleuse / lance-grenade","arme à feu","autre")) -> arme à feu | F61: 6 | J61: 1100 | M61: =IF(AND(ISNUMBER(G61),ISNUMBER(H61),ISNUMBER(I61),ISNUMBER(F61)),IF(AND(G61>0,H61>0,I61>0,F61>I61),G61*H61/I61*LN(F61/(F61-I61)),"N/A"),"N/A") -> N/A | N61: =IF(ISNUMBER(M61),IF(AND(H61>=$B$7,G61/(F61*$B$9)<$B$8),"croisière","fusée"),"N/A") -> N/A | O61: =IF(N61="fusée",MIN(M61,IF(C61="Jeu de base",$B$4,$B$5)),IF(N61="croisière",$B$6*SQRT(G61),"N/A")) -> N/A | P61: =IF(E61="propulsé",IF(ISNUMBER(O61),IF(AND(ISNUMBER(K61),ISNUMBER(L61)),MEDIAN(K61,L61,O61),IF(ISNUMBER(L61),L61,IF(ISNUMBER(K61),K61,O61))),IF(ISNUMBER(K61),K61,"N/A")),IF(E61="arme à feu",IF(ISNUMBER(J61),IF(ISNUMBER(K61),MIN(J61,K61),J61),"N/A"),"N/A")) -> 1100 | Q61: =IF(NOT(ISNUMBER(P61)),"aucune vitesse définie",IF(E61="arme à feu",IF(AND(ISNUMBER(K61),ISNUMBER(J61),K61<J61),"vitesse max fixée (inférieure à la bouche)","vitesse initiale (bouche)"),IF(AND(ISNUMBER(K61),ISNUMBER(L61)),"médiane fichier / wiki / calcul",IF(ISNUMBER(L61),"wiki Delta-V",IF(ISNUMBER(K61),"vitesse fixée du fichier","calcul ("&N61&IF(AND(N61="fusée",M61>O61),", plafonné","")&")"))))) -> vitesse initiale (bouche) | R61: =IF(ISNUMBER(P61),IF(E61="arme à feu",IF($B$10=1,P61,"N/A"),P61),"N/A") -> 1100 | S61: =IF(ISNUMBER(R61),ROUND(1+9*(SUMPRODUCT(ISNUMBER($R$21:$R$153)*($R$21:$R$153<=R61))-1)/(COUNT($R$21:$R$153)-1),1),"N/A") -> 7.1
A62: =B62&"|"&C62 -> 57mm Cannon (variante 4)|Jeu de base | B62: 57mm Cannon (variante 4) | C62: Jeu de base | D62: Canon / mitrailleuse / lance-grenade | E62: =IF(ISNUMBER(G62),"propulsé",IF(D62="Canon / mitrailleuse / lance-grenade","arme à feu","autre")) -> arme à feu | F62: 6 | J62: 1100 | M62: =IF(AND(ISNUMBER(G62),ISNUMBER(H62),ISNUMBER(I62),ISNUMBER(F62)),IF(AND(G62>0,H62>0,I62>0,F62>I62),G62*H62/I62*LN(F62/(F62-I62)),"N/A"),"N/A") -> N/A | N62: =IF(ISNUMBER(M62),IF(AND(H62>=$B$7,G62/(F62*$B$9)<$B$8),"croisière","fusée"),"N/A") -> N/A | O62: =IF(N62="fusée",MIN(M62,IF(C62="Jeu de base",$B$4,$B$5)),IF(N62="croisière",$B$6*SQRT(G62),"N/A")) -> N/A | P62: =IF(E62="propulsé",IF(ISNUMBER(O62),IF(AND(ISNUMBER(K62),ISNUMBER(L62)),MEDIAN(K62,L62,O62),IF(ISNUMBER(L62),L62,IF(ISNUMBER(K62),K62,O62))),IF(ISNUMBER(K62),K62,"N/A")),IF(E62="arme à feu",IF(ISNUMBER(J62),IF(ISNUMBER(K62),MIN(J62,K62),J62),"N/A"),"N/A")) -> 1100 | Q62: =IF(NOT(ISNUMBER(P62)),"aucune vitesse définie",IF(E62="arme à feu",IF(AND(ISNUMBER(K62),ISNUMBER(J62),K62<J62),"vitesse max fixée (inférieure à la bouche)","vitesse initiale (bouche)"),IF(AND(ISNUMBER(K62),ISNUMBER(L62)),"médiane fichier / wiki / calcul",IF(ISNUMBER(L62),"wiki Delta-V",IF(ISNUMBER(K62),"vitesse fixée du fichier","calcul ("&N62&IF(AND(N62="fusée",M62>O62),", plafonné","")&")"))))) -> vitesse initiale (bouche) | R62: =IF(ISNUMBER(P62),IF(E62="arme à feu",IF($B$10=1,P62,"N/A"),P62),"N/A") -> 1100 | S62: =IF(ISNUMBER(R62),ROUND(1+9*(SUMPRODUCT(ISNUMBER($R$21:$R$153)*($R$21:$R$153<=R62))-1)/(COUNT($R$21:$R$153)-1),1),"N/A") -> 7.1
A63: =B63&"|"&C63 -> 70mm Light AT|Jeu de base | B63: 70mm Light AT | C63: Jeu de base | D63: Canon / mitrailleuse / lance-grenade | E63: =IF(ISNUMBER(G63),"propulsé",IF(D63="Canon / mitrailleuse / lance-grenade","arme à feu","autre")) -> arme à feu | F63: 1.3 | J63: 280 | K63: 280 | M63: =IF(AND(ISNUMBER(G63),ISNUMBER(H63),ISNUMBER(I63),ISNUMBER(F63)),IF(AND(G63>0,H63>0,I63>0,F63>I63),G63*H63/I63*LN(F63/(F63-I63)),"N/A"),"N/A") -> N/A | N63: =IF(ISNUMBER(M63),IF(AND(H63>=$B$7,G63/(F63*$B$9)<$B$8),"croisière","fusée"),"N/A") -> N/A | O63: =IF(N63="fusée",MIN(M63,IF(C63="Jeu de base",$B$4,$B$5)),IF(N63="croisière",$B$6*SQRT(G63),"N/A")) -> N/A | P63: =IF(E63="propulsé",IF(ISNUMBER(O63),IF(AND(ISNUMBER(K63),ISNUMBER(L63)),MEDIAN(K63,L63,O63),IF(ISNUMBER(L63),L63,IF(ISNUMBER(K63),K63,O63))),IF(ISNUMBER(K63),K63,"N/A")),IF(E63="arme à feu",IF(ISNUMBER(J63),IF(ISNUMBER(K63),MIN(J63,K63),J63),"N/A"),"N/A")) -> 280 | Q63: =IF(NOT(ISNUMBER(P63)),"aucune vitesse définie",IF(E63="arme à feu",IF(AND(ISNUMBER(K63),ISNUMBER(J63),K63<J63),"vitesse max fixée (inférieure à la bouche)","vitesse initiale (bouche)"),IF(AND(ISNUMBER(K63),ISNUMBER(L63)),"médiane fichier / wiki / calcul",IF(ISNUMBER(L63),"wiki Delta-V",IF(ISNUMBER(K63),"vitesse fixée du fichier","calcul ("&N63&IF(AND(N63="fusée",M63>O63),", plafonné","")&")"))))) -> vitesse initiale (bouche) | R63: =IF(ISNUMBER(P63),IF(E63="arme à feu",IF($B$10=1,P63,"N/A"),P63),"N/A") -> 280 | S63: =IF(ISNUMBER(R63),ROUND(1+9*(SUMPRODUCT(ISNUMBER($R$21:$R$153)*($R$21:$R$153<=R63))-1)/(COUNT($R$21:$R$153)-1),1),"N/A") -> 1.5
A64: =B64&"|"&C64 -> 76mm Cannon (variante 1)|Jeu de base | B64: 76mm Cannon (variante 1) | C64: Jeu de base | D64: Canon / mitrailleuse / lance-grenade | E64: =IF(ISNUMBER(G64),"propulsé",IF(D64="Canon / mitrailleuse / lance-grenade","arme à feu","autre")) -> arme à feu | F64: 6.3 | J64: 760 | M64: =IF(AND(ISNUMBER(G64),ISNUMBER(H64),ISNUMBER(I64),ISNUMBER(F64)),IF(AND(G64>0,H64>0,I64>0,F64>I64),G64*H64/I64*LN(F64/(F64-I64)),"N/A"),"N/A") -> N/A | N64: =IF(ISNUMBER(M64),IF(AND(H64>=$B$7,G64/(F64*$B$9)<$B$8),"croisière","fusée"),"N/A") -> N/A | O64: =IF(N64="fusée",MIN(M64,IF(C64="Jeu de base",$B$4,$B$5)),IF(N64="croisière",$B$6*SQRT(G64),"N/A")) -> N/A | P64: =IF(E64="propulsé",IF(ISNUMBER(O64),IF(AND(ISNUMBER(K64),ISNUMBER(L64)),MEDIAN(K64,L64,O64),IF(ISNUMBER(L64),L64,IF(ISNUMBER(K64),K64,O64))),IF(ISNUMBER(K64),K64,"N/A")),IF(E64="arme à feu",IF(ISNUMBER(J64),IF(ISNUMBER(K64),MIN(J64,K64),J64),"N/A"),"N/A")) -> 760 | Q64: =IF(NOT(ISNUMBER(P64)),"aucune vitesse définie",IF(E64="arme à feu",IF(AND(ISNUMBER(K64),ISNUMBER(J64),K64<J64),"vitesse max fixée (inférieure à la bouche)","vitesse initiale (bouche)"),IF(AND(ISNUMBER(K64),ISNUMBER(L64)),"médiane fichier / wiki / calcul",IF(ISNUMBER(L64),"wiki Delta-V",IF(ISNUMBER(K64),"vitesse fixée du fichier","calcul ("&N64&IF(AND(N64="fusée",M64>O64),", plafonné","")&")"))))) -> vitesse initiale (bouche) | R64: =IF(ISNUMBER(P64),IF(E64="arme à feu",IF($B$10=1,P64,"N/A"),P64),"N/A") -> 760 | S64: =IF(ISNUMBER(R64),ROUND(1+9*(SUMPRODUCT(ISNUMBER($R$21:$R$153)*($R$21:$R$153<=R64))-1)/(COUNT($R$21:$R$153)-1),1),"N/A") -> 3
A65: =B65&"|"&C65 -> 76mm Cannon (variante 2)|Jeu de base | B65: 76mm Cannon (variante 2) | C65: Jeu de base | D65: Canon / mitrailleuse / lance-grenade | E65: =IF(ISNUMBER(G65),"propulsé",IF(D65="Canon / mitrailleuse / lance-grenade","arme à feu","autre")) -> arme à feu | F65: 6.3 | J65: 950 | M65: =IF(AND(ISNUMBER(G65),ISNUMBER(H65),ISNUMBER(I65),ISNUMBER(F65)),IF(AND(G65>0,H65>0,I65>0,F65>I65),G65*H65/I65*LN(F65/(F65-I65)),"N/A"),"N/A") -> N/A | N65: =IF(ISNUMBER(M65),IF(AND(H65>=$B$7,G65/(F65*$B$9)<$B$8),"croisière","fusée"),"N/A") -> N/A | O65: =IF(N65="fusée",MIN(M65,IF(C65="Jeu de base",$B$4,$B$5)),IF(N65="croisière",$B$6*SQRT(G65),"N/A")) -> N/A | P65: =IF(E65="propulsé",IF(ISNUMBER(O65),IF(AND(ISNUMBER(K65),ISNUMBER(L65)),MEDIAN(K65,L65,O65),IF(ISNUMBER(L65),L65,IF(ISNUMBER(K65),K65,O65))),IF(ISNUMBER(K65),K65,"N/A")),IF(E65="arme à feu",IF(ISNUMBER(J65),IF(ISNUMBER(K65),MIN(J65,K65),J65),"N/A"),"N/A")) -> 950 | Q65: =IF(NOT(ISNUMBER(P65)),"aucune vitesse définie",IF(E65="arme à feu",IF(AND(ISNUMBER(K65),ISNUMBER(J65),K65<J65),"vitesse max fixée (inférieure à la bouche)","vitesse initiale (bouche)"),IF(AND(ISNUMBER(K65),ISNUMBER(L65)),"médiane fichier / wiki / calcul",IF(ISNUMBER(L65),"wiki Delta-V",IF(ISNUMBER(K65),"vitesse fixée du fichier","calcul ("&N65&IF(AND(N65="fusée",M65>O65),", plafonné","")&")"))))) -> vitesse initiale (bouche) | R65: =IF(ISNUMBER(P65),IF(E65="arme à feu",IF($B$10=1,P65,"N/A"),P65),"N/A") -> 950 | S65: =IF(ISNUMBER(R65),ROUND(1+9*(SUMPRODUCT(ISNUMBER($R$21:$R$153)*($R$21:$R$153<=R65))-1)/(COUNT($R$21:$R$153)-1),1),"N/A") -> 5.1
A66: =B66&"|"&C66 -> ??? (variante 2)|Jeu de base | B66: ??? (variante 2) | C66: Jeu de base | D66: Canon / mitrailleuse / lance-grenade | E66: =IF(ISNUMBER(G66),"propulsé",IF(D66="Canon / mitrailleuse / lance-grenade","arme à feu","autre")) -> arme à feu | F66: 0 | J66: 400 | K66: 400 | M66: =IF(AND(ISNUMBER(G66),ISNUMBER(H66),ISNUMBER(I66),ISNUMBER(F66)),IF(AND(G66>0,H66>0,I66>0,F66>I66),G66*H66/I66*LN(F66/(F66-I66)),"N/A"),"N/A") -> N/A | N66: =IF(ISNUMBER(M66),IF(AND(H66>=$B$7,G66/(F66*$B$9)<$B$8),"croisière","fusée"),"N/A") -> N/A | O66: =IF(N66="fusée",MIN(M66,IF(C66="Jeu de base",$B$4,$B$5)),IF(N66="croisière",$B$6*SQRT(G66),"N/A")) -> N/A | P66: =IF(E66="propulsé",IF(ISNUMBER(O66),IF(AND(ISNUMBER(K66),ISNUMBER(L66)),MEDIAN(K66,L66,O66),IF(ISNUMBER(L66),L66,IF(ISNUMBER(K66),K66,O66))),IF(ISNUMBER(K66),K66,"N/A")),IF(E66="arme à feu",IF(ISNUMBER(J66),IF(ISNUMBER(K66),MIN(J66,K66),J66),"N/A"),"N/A")) -> 400 | Q66: =IF(NOT(ISNUMBER(P66)),"aucune vitesse définie",IF(E66="arme à feu",IF(AND(ISNUMBER(K66),ISNUMBER(J66),K66<J66),"vitesse max fixée (inférieure à la bouche)","vitesse initiale (bouche)"),IF(AND(ISNUMBER(K66),ISNUMBER(L66)),"médiane fichier / wiki / calcul",IF(ISNUMBER(L66),"wiki Delta-V",IF(ISNUMBER(K66),"vitesse fixée du fichier","calcul ("&N66&IF(AND(N66="fusée",M66>O66),", plafonné","")&")"))))) -> vitesse initiale (bouche) | R66: =IF(ISNUMBER(P66),IF(E66="arme à feu",IF($B$10=1,P66,"N/A"),P66),"N/A") -> 400 | S66: =IF(ISNUMBER(R66),ROUND(1+9*(SUMPRODUCT(ISNUMBER($R$21:$R$153)*($R$21:$R$153<=R66))-1)/(COUNT($R$21:$R$153)-1),1),"N/A") -> 2.3
A67: =B67&"|"&C67 -> ??? (variante 4)|Jeu de base | B67: ??? (variante 4) | C67: Jeu de base | D67: Canon / mitrailleuse / lance-grenade | E67: =IF(ISNUMBER(G67),"propulsé",IF(D67="Canon / mitrailleuse / lance-grenade","arme à feu","autre")) -> arme à feu | F67: 0 | J67: 5000 | K67: 5000 | M67: =IF(AND(ISNUMBER(G67),ISNUMBER(H67),ISNUMBER(I67),ISNUMBER(F67)),IF(AND(G67>0,H67>0,I67>0,F67>I67),G67*H67/I67*LN(F67/(F67-I67)),"N/A"),"N/A") -> N/A | N67: =IF(ISNUMBER(M67),IF(AND(H67>=$B$7,G67/(F67*$B$9)<$B$8),"croisière","fusée"),"N/A") -> N/A | O67: =IF(N67="fusée",MIN(M67,IF(C67="Jeu de base",$B$4,$B$5)),IF(N67="croisière",$B$6*SQRT(G67),"N/A")) -> N/A | P67: =IF(E67="propulsé",IF(ISNUMBER(O67),IF(AND(ISNUMBER(K67),ISNUMBER(L67)),MEDIAN(K67,L67,O67),IF(ISNUMBER(L67),L67,IF(ISNUMBER(K67),K67,O67))),IF(ISNUMBER(K67),K67,"N/A")),IF(E67="arme à feu",IF(ISNUMBER(J67),IF(ISNUMBER(K67),MIN(J67,K67),J67),"N/A"),"N/A")) -> 5000 | Q67: =IF(NOT(ISNUMBER(P67)),"aucune vitesse définie",IF(E67="arme à feu",IF(AND(ISNUMBER(K67),ISNUMBER(J67),K67<J67),"vitesse max fixée (inférieure à la bouche)","vitesse initiale (bouche)"),IF(AND(ISNUMBER(K67),ISNUMBER(L67)),"médiane fichier / wiki / calcul",IF(ISNUMBER(L67),"wiki Delta-V",IF(ISNUMBER(K67),"vitesse fixée du fichier","calcul ("&N67&IF(AND(N67="fusée",M67>O67),", plafonné","")&")"))))) -> vitesse initiale (bouche) | R67: =IF(ISNUMBER(P67),IF(E67="arme à feu",IF($B$10=1,P67,"N/A"),P67),"N/A") -> 5000 | S67: =IF(ISNUMBER(R67),ROUND(1+9*(SUMPRODUCT(ISNUMBER($R$21:$R$153)*($R$21:$R$153<=R67))-1)/(COUNT($R$21:$R$153)-1),1),"N/A") -> 10
A68: =B68&"|"&C68 -> Light Machine Gun|Jeu de base | B68: Light Machine Gun | C68: Jeu de base | D68: Canon / mitrailleuse / lance-grenade | E68: =IF(ISNUMBER(G68),"propulsé",IF(D68="Canon / mitrailleuse / lance-grenade","arme à feu","autre")) -> arme à feu | F68: 0.04 | J68: 920 | K68: 920 | M68: =IF(AND(ISNUMBER(G68),ISNUMBER(H68),ISNUMBER(I68),ISNUMBER(F68)),IF(AND(G68>0,H68>0,I68>0,F68>I68),G68*H68/I68*LN(F68/(F68-I68)),"N/A"),"N/A") -> N/A | N68: =IF(ISNUMBER(M68),IF(AND(H68>=$B$7,G68/(F68*$B$9)<$B$8),"croisière","fusée"),"N/A") -> N/A | O68: =IF(N68="fusée",MIN(M68,IF(C68="Jeu de base",$B$4,$B$5)),IF(N68="croisière",$B$6*SQRT(G68),"N/A")) -> N/A | P68: =IF(E68="propulsé",IF(ISNUMBER(O68),IF(AND(ISNUMBER(K68),ISNUMBER(L68)),MEDIAN(K68,L68,O68),IF(ISNUMBER(L68),L68,IF(ISNUMBER(K68),K68,O68))),IF(ISNUMBER(K68),K68,"N/A")),IF(E68="arme à feu",IF(ISNUMBER(J68),IF(ISNUMBER(K68),MIN(J68,K68),J68),"N/A"),"N/A")) -> 920 | Q68: =IF(NOT(ISNUMBER(P68)),"aucune vitesse définie",IF(E68="arme à feu",IF(AND(ISNUMBER(K68),ISNUMBER(J68),K68<J68),"vitesse max fixée (inférieure à la bouche)","vitesse initiale (bouche)"),IF(AND(ISNUMBER(K68),ISNUMBER(L68)),"médiane fichier / wiki / calcul",IF(ISNUMBER(L68),"wiki Delta-V",IF(ISNUMBER(K68),"vitesse fixée du fichier","calcul ("&N68&IF(AND(N68="fusée",M68>O68),", plafonné","")&")"))))) -> vitesse initiale (bouche) | R68: =IF(ISNUMBER(P68),IF(E68="arme à feu",IF($B$10=1,P68,"N/A"),P68),"N/A") -> 920 | S68: =IF(ISNUMBER(R68),ROUND(1+9*(SUMPRODUCT(ISNUMBER($R$21:$R$153)*($R$21:$R$153<=R68))-1)/(COUNT($R$21:$R$153)-1),1),"N/A") -> 5
A69: =B69&"|"&C69 -> AAM-29 Scythe|Jeu de base | B69: AAM-29 Scythe | C69: Jeu de base | D69: Missile | E69: =IF(ISNUMBER(G69),"propulsé",IF(D69="Canon / mitrailleuse / lance-grenade","arme à feu","autre")) -> propulsé | F69: 160 | G69: 44000 | H69: 6 | I69: 60 | L69: 1150 | M69: =IF(AND(ISNUMBER(G69),ISNUMBER(H69),ISNUMBER(I69),ISNUMBER(F69)),IF(AND(G69>0,H69>0,I69>0,F69>I69),G69*H69/I69*LN(F69/(F69-I69)),"N/A"),"N/A") -> 2068.016 | N69: =IF(ISNUMBER(M69),IF(AND(H69>=$B$7,G69/(F69*$B$9)<$B$8),"croisière","fusée"),"N/A") -> fusée | O69: =IF(N69="fusée",MIN(M69,IF(C69="Jeu de base",$B$4,$B$5)),IF(N69="croisière",$B$6*SQRT(G69),"N/A")) -> 1250 | P69: =IF(E69="propulsé",IF(ISNUMBER(O69),IF(AND(ISNUMBER(K69),ISNUMBER(L69)),MEDIAN(K69,L69,O69),IF(ISNUMBER(L69),L69,IF(ISNUMBER(K69),K69,O69))),IF(ISNUMBER(K69),K69,"N/A")),IF(E69="arme à feu",IF(ISNUMBER(J69),IF(ISNUMBER(K69),MIN(J69,K69),J69),"N/A"),"N/A")) -> 1150 | Q69: =IF(NOT(ISNUMBER(P69)),"aucune vitesse définie",IF(E69="arme à feu",IF(AND(ISNUMBER(K69),ISNUMBER(J69),K69<J69),"vitesse max fixée (inférieure à la bouche)","vitesse initiale (bouche)"),IF(AND(ISNUMBER(K69),ISNUMBER(L69)),"médiane fichier / wiki / calcul",IF(ISNUMBER(L69),"wiki Delta-V",IF(ISNUMBER(K69),"vitesse fixée du fichier","calcul ("&N69&IF(AND(N69="fusée",M69>O69),", plafonné","")&")"))))) -> wiki Delta-V | R69: =IF(ISNUMBER(P69),IF(E69="arme à feu",IF($B$10=1,P69,"N/A"),P69),"N/A") -> 1150 | S69: =IF(ISNUMBER(R69),ROUND(1+9*(SUMPRODUCT(ISNUMBER($R$21:$R$153)*($R$21:$R$153<=R69))-1)/(COUNT($R$21:$R$153)-1),1),"N/A") -> 7.2 | T69: 6
A70: =B70&"|"&C70 -> AAM-36 Scimitar|Jeu de base | B70: AAM-36 Scimitar | C70: Jeu de base | D70: Missile | E70: =IF(ISNUMBER(G70),"propulsé",IF(D70="Canon / mitrailleuse / lance-grenade","arme à feu","autre")) -> propulsé | F70: 200 | G70: 23500 | H70: 60 | I70: 65 | L70: 1276.111 | M70: =IF(AND(ISNUMBER(G70),ISNUMBER(H70),ISNUMBER(I70),ISNUMBER(F70)),IF(AND(G70>0,H70>0,I70>0,F70>I70),G70*H70/I70*LN(F70/(F70-I70)),"N/A"),"N/A") -> 8526.0008 | N70: =IF(ISNUMBER(M70),IF(AND(H70>=$B$7,G70/(F70*$B$9)<$B$8),"croisière","fusée"),"N/A") -> fusée | O70: =IF(N70="fusée",MIN(M70,IF(C70="Jeu de base",$B$4,$B$5)),IF(N70="croisière",$B$6*SQRT(G70),"N/A")) -> 1250 | P70: =IF(E70="propulsé",IF(ISNUMBER(O70),IF(AND(ISNUMBER(K70),ISNUMBER(L70)),MEDIAN(K70,L70,O70),IF(ISNUMBER(L70),L70,IF(ISNUMBER(K70),K70,O70))),IF(ISNUMBER(K70),K70,"N/A")),IF(E70="arme à feu",IF(ISNUMBER(J70),IF(ISNUMBER(K70),MIN(J70,K70),J70),"N/A"),"N/A")) -> 1276.111 | Q70: =IF(NOT(ISNUMBER(P70)),"aucune vitesse définie",IF(E70="arme à feu",IF(AND(ISNUMBER(K70),ISNUMBER(J70),K70<J70),"vitesse max fixée (inférieure à la bouche)","vitesse initiale (bouche)"),IF(AND(ISNUMBER(K70),ISNUMBER(L70)),"médiane fichier / wiki / calcul",IF(ISNUMBER(L70),"wiki Delta-V",IF(ISNUMBER(K70),"vitesse fixée du fichier","calcul ("&N70&IF(AND(N70="fusée",M70>O70),", plafonné","")&")"))))) -> wiki Delta-V | R70: =IF(ISNUMBER(P70),IF(E70="arme à feu",IF($B$10=1,P70,"N/A"),P70),"N/A") -> 1276.111 | S70: =IF(ISNUMBER(R70),ROUND(1+9*(SUMPRODUCT(ISNUMBER($R$21:$R$153)*($R$21:$R$153<=R70))-1)/(COUNT($R$21:$R$153)-1),1),"N/A") -> 8.3 | T70: 8.7
A71: =B71&"|"&C71 -> AGM-48|Jeu de base | B71: AGM-48 | C71: Jeu de base | D71: Missile | E71: =IF(ISNUMBER(G71),"propulsé",IF(D71="Canon / mitrailleuse / lance-grenade","arme à feu","autre")) -> propulsé | F71: 50 | G71: 4000 | H71: 3.5 | I71: 20 | L71: 357.5 | M71: =IF(AND(ISNUMBER(G71),ISNUMBER(H71),ISNUMBER(I71),ISNUMBER(F71)),IF(AND(G71>0,H71>0,I71>0,F71>I71),G71*H71/I71*LN(F71/(F71-I71)),"N/A"),"N/A") -> 357.57794 | N71: =IF(ISNUMBER(M71),IF(AND(H71>=$B$7,G71/(F71*$B$9)<$B$8),"croisière","fusée"),"N/A") -> fusée | O71: =IF(N71="fusée",MIN(M71,IF(C71="Jeu de base",$B$4,$B$5)),IF(N71="croisière",$B$6*SQRT(G71),"N/A")) -> 357.57794 | P71: =IF(E71="propulsé",IF(ISNUMBER(O71),IF(AND(ISNUMBER(K71),ISNUMBER(L71)),MEDIAN(K71,L71,O71),IF(ISNUMBER(L71),L71,IF(ISNUMBER(K71),K71,O71))),IF(ISNUMBER(K71),K71,"N/A")),IF(E71="arme à feu",IF(ISNUMBER(J71),IF(ISNUMBER(K71),MIN(J71,K71),J71),"N/A"),"N/A")) -> 357.5 | Q71: =IF(NOT(ISNUMBER(P71)),"aucune vitesse définie",IF(E71="arme à feu",IF(AND(ISNUMBER(K71),ISNUMBER(J71),K71<J71),"vitesse max fixée (inférieure à la bouche)","vitesse initiale (bouche)"),IF(AND(ISNUMBER(K71),ISNUMBER(L71)),"médiane fichier / wiki / calcul",IF(ISNUMBER(L71),"wiki Delta-V",IF(ISNUMBER(K71),"vitesse fixée du fichier","calcul ("&N71&IF(AND(N71="fusée",M71>O71),", plafonné","")&")"))))) -> wiki Delta-V | R71: =IF(ISNUMBER(P71),IF(E71="arme à feu",IF($B$10=1,P71,"N/A"),P71),"N/A") -> 357.5 | S71: =IF(ISNUMBER(R71),ROUND(1+9*(SUMPRODUCT(ISNUMBER($R$21:$R$153)*($R$21:$R$153<=R71))-1)/(COUNT($R$21:$R$153)-1),1),"N/A") -> 2.1 | T71: 1.2
A72: =B72&"|"&C72 -> AGM-68|Jeu de base | B72: AGM-68 | C72: Jeu de base | D72: Missile | E72: =IF(ISNUMBER(G72),"propulsé",IF(D72="Canon / mitrailleuse / lance-grenade","arme à feu","autre")) -> propulsé | F72: 250 | G72: 22000 | H72: 3.5 | I72: 100 | L72: 393.333 | M72: =IF(AND(ISNUMBER(G72),ISNUMBER(H72),ISNUMBER(I72),ISNUMBER(F72)),IF(AND(G72>0,H72>0,I72>0,F72>I72),G72*H72/I72*LN(F72/(F72-I72)),"N/A"),"N/A") -> 393.33573 | N72: =IF(ISNUMBER(M72),IF(AND(H72>=$B$7,G72/(F72*$B$9)<$B$8),"croisière","fusée"),"N/A") -> fusée | O72: =IF(N72="fusée",MIN(M72,IF(C72="Jeu de base",$B$4,$B$5)),IF(N72="croisière",$B$6*SQRT(G72),"N/A")) -> 393.33573 | P72: =IF(E72="propulsé",IF(ISNUMBER(O72),IF(AND(ISNUMBER(K72),ISNUMBER(L72)),MEDIAN(K72,L72,O72),IF(ISNUMBER(L72),L72,IF(ISNUMBER(K72),K72,O72))),IF(ISNUMBER(K72),K72,"N/A")),IF(E72="arme à feu",IF(ISNUMBER(J72),IF(ISNUMBER(K72),MIN(J72,K72),J72),"N/A"),"N/A")) -> 393.333 | Q72: =IF(NOT(ISNUMBER(P72)),"aucune vitesse définie",IF(E72="arme à feu",IF(AND(ISNUMBER(K72),ISNUMBER(J72),K72<J72),"vitesse max fixée (inférieure à la bouche)","vitesse initiale (bouche)"),IF(AND(ISNUMBER(K72),ISNUMBER(L72)),"médiane fichier / wiki / calcul",IF(ISNUMBER(L72),"wiki Delta-V",IF(ISNUMBER(K72),"vitesse fixée du fichier","calcul ("&N72&IF(AND(N72="fusée",M72>O72),", plafonné","")&")"))))) -> wiki Delta-V | R72: =IF(ISNUMBER(P72),IF(E72="arme à feu",IF($B$10=1,P72,"N/A"),P72),"N/A") -> 393.333 | S72: =IF(ISNUMBER(R72),ROUND(1+9*(SUMPRODUCT(ISNUMBER($R$21:$R$153)*($R$21:$R$153<=R72))-1)/(COUNT($R$21:$R$153)-1),1),"N/A") -> 2.2 | T72: 1.7
A73: =B73&"|"&C73 -> AGM-99|Jeu de base | B73: AGM-99 | C73: Jeu de base | D73: Missile | E73: =IF(ISNUMBER(G73),"propulsé",IF(D73="Canon / mitrailleuse / lance-grenade","arme à feu","autre")) -> propulsé | F73: 450 | G73: 3600 | H73: 300 | I73: 100 | L73: 309.722 | M73: =IF(AND(ISNUMBER(G73),ISNUMBER(H73),ISNUMBER(I73),ISNUMBER(F73)),IF(AND(G73>0,H73>0,I73>0,F73>I73),G73*H73/I73*LN(F73/(F73-I73)),"N/A"),"N/A") -> 2714.1958 | N73: =IF(ISNUMBER(M73),IF(AND(H73>=$B$7,G73/(F73*$B$9)<$B$8),"croisière","fusée"),"N/A") -> croisière | O73: =IF(N73="fusée",MIN(M73,IF(C73="Jeu de base",$B$4,$B$5)),IF(N73="croisière",$B$6*SQRT(G73),"N/A")) -> 318 | P73: =IF(E73="propulsé",IF(ISNUMBER(O73),IF(AND(ISNUMBER(K73),ISNUMBER(L73)),MEDIAN(K73,L73,O73),IF(ISNUMBER(L73),L73,IF(ISNUMBER(K73),K73,O73))),IF(ISNUMBER(K73),K73,"N/A")),IF(E73="arme à feu",IF(ISNUMBER(J73),IF(ISNUMBER(K73),MIN(J73,K73),J73),"N/A"),"N/A")) -> 309.722 | Q73: =IF(NOT(ISNUMBER(P73)),"aucune vitesse définie",IF(E73="arme à feu",IF(AND(ISNUMBER(K73),ISNUMBER(J73),K73<J73),"vitesse max fixée (inférieure à la bouche)","vitesse initiale (bouche)"),IF(AND(ISNUMBER(K73),ISNUMBER(L73)),"médiane fichier / wiki / calcul",IF(ISNUMBER(L73),"wiki Delta-V",IF(ISNUMBER(K73),"vitesse fixée du fichier","calcul ("&N73&IF(AND(N73="fusée",M73>O73),", plafonné","")&")"))))) -> wiki Delta-V | R73: =IF(ISNUMBER(P73),IF(E73="arme à feu",IF($B$10=1,P73,"N/A"),P73),"N/A") -> 309.722 | S73: =IF(ISNUMBER(R73),ROUND(1+9*(SUMPRODUCT(ISNUMBER($R$21:$R$153)*($R$21:$R$153<=R73))-1)/(COUNT($R$21:$R$153)-1),1),"N/A") -> 1.8 | T73: 7.5
A74: =B74&"|"&C74 -> ALM-C450|Jeu de base | B74: ALM-C450 | C74: Jeu de base | D74: Missile | E74: =IF(ISNUMBER(G74),"propulsé",IF(D74="Canon / mitrailleuse / lance-grenade","arme à feu","autre")) -> propulsé | F74: 900 | G74: 4200 | H74: 600 | I74: 400 | L74: 344.722 | M74: =IF(AND(ISNUMBER(G74),ISNUMBER(H74),ISNUMBER(I74),ISNUMBER(F74)),IF(AND(G74>0,H74>0,I74>0,F74>I74),G74*H74/I74*LN(F74/(F74-I74)),"N/A"),"N/A") -> 3703.056 | N74: =IF(ISNUMBER(M74),IF(AND(H74>=$B$7,G74/(F74*$B$9)<$B$8),"croisière","fusée"),"N/A") -> croisière | O74: =IF(N74="fusée",MIN(M74,IF(C74="Jeu de base",$B$4,$B$5)),IF(N74="croisière",$B$6*SQRT(G74),"N/A")) -> 343.47926 | P74: =IF(E74="propulsé",IF(ISNUMBER(O74),IF(AND(ISNUMBER(K74),ISNUMBER(L74)),MEDIAN(K74,L74,O74),IF(ISNUMBER(L74),L74,IF(ISNUMBER(K74),K74,O74))),IF(ISNUMBER(K74),K74,"N/A")),IF(E74="arme à feu",IF(ISNUMBER(J74),IF(ISNUMBER(K74),MIN(J74,K74),J74),"N/A"),"N/A")) -> 344.722 | Q74: =IF(NOT(ISNUMBER(P74)),"aucune vitesse définie",IF(E74="arme à feu",IF(AND(ISNUMBER(K74),ISNUMBER(J74),K74<J74),"vitesse max fixée (inférieure à la bouche)","vitesse initiale (bouche)"),IF(AND(ISNUMBER(K74),ISNUMBER(L74)),"médiane fichier / wiki / calcul",IF(ISNUMBER(L74),"wiki Delta-V",IF(ISNUMBER(K74),"vitesse fixée du fichier","calcul ("&N74&IF(AND(N74="fusée",M74>O74),", plafonné","")&")"))))) -> wiki Delta-V | R74: =IF(ISNUMBER(P74),IF(E74="arme à feu",IF($B$10=1,P74,"N/A"),P74),"N/A") -> 344.722 | S74: =IF(ISNUMBER(R74),ROUND(1+9*(SUMPRODUCT(ISNUMBER($R$21:$R$153)*($R$21:$R$153<=R74))-1)/(COUNT($R$21:$R$153)-1),1),"N/A") -> 1.9 | T74: 7.8
A75: =B75&"|"&C75 -> ARAD-116|Jeu de base | B75: ARAD-116 | C75: Jeu de base | D75: Missile | E75: =IF(ISNUMBER(G75),"propulsé",IF(D75="Canon / mitrailleuse / lance-grenade","arme à feu","autre")) -> propulsé | F75: 400 | G75: 73000 | H75: 10 | I75: 150 | L75: 1011.389 | M75: =IF(AND(ISNUMBER(G75),ISNUMBER(H75),ISNUMBER(I75),ISNUMBER(F75)),IF(AND(G75>0,H75>0,I75>0,F75>I75),G75*H75/I75*LN(F75/(F75-I75)),"N/A"),"N/A") -> 2287.351 | N75: =IF(ISNUMBER(M75),IF(AND(H75>=$B$7,G75/(F75*$B$9)<$B$8),"croisière","fusée"),"N/A") -> fusée | O75: =IF(N75="fusée",MIN(M75,IF(C75="Jeu de base",$B$4,$B$5)),IF(N75="croisière",$B$6*SQRT(G75),"N/A")) -> 1250 | P75: =IF(E75="propulsé",IF(ISNUMBER(O75),IF(AND(ISNUMBER(K75),ISNUMBER(L75)),MEDIAN(K75,L75,O75),IF(ISNUMBER(L75),L75,IF(ISNUMBER(K75),K75,O75))),IF(ISNUMBER(K75),K75,"N/A")),IF(E75="arme à feu",IF(ISNUMBER(J75),IF(ISNUMBER(K75),MIN(J75,K75),J75),"N/A"),"N/A")) -> 1011.389 | Q75: =IF(NOT(ISNUMBER(P75)),"aucune vitesse définie",IF(E75="arme à feu",IF(AND(ISNUMBER(K75),ISNUMBER(J75),K75<J75),"vitesse max fixée (inférieure à la bouche)","vitesse initiale (bouche)"),IF(AND(ISNUMBER(K75),ISNUMBER(L75)),"médiane fichier / wiki / calcul",IF(ISNUMBER(L75),"wiki Delta-V",IF(ISNUMBER(K75),"vitesse fixée du fichier","calcul ("&N75&IF(AND(N75="fusée",M75>O75),", plafonné","")&")"))))) -> wiki Delta-V | R75: =IF(ISNUMBER(P75),IF(E75="arme à feu",IF($B$10=1,P75,"N/A"),P75),"N/A") -> 1011.389 | S75: =IF(ISNUMBER(R75),ROUND(1+9*(SUMPRODUCT(ISNUMBER($R$21:$R$153)*($R$21:$R$153<=R75))-1)/(COUNT($R$21:$R$153)-1),1),"N/A") -> 5.5 | T75: 6.2
A76: =B76&"|"&C76 -> ARAD-45|Jeu de base | B76: ARAD-45 | C76: Jeu de base | D76: Missile | E76: =IF(ISNUMBER(G76),"propulsé",IF(D76="Canon / mitrailleuse / lance-grenade","arme à feu","autre")) -> propulsé | F76: 180 | G76: 20000 | H76: 7 | I76: 68 | K76: 1156.87 | M76: =IF(AND(ISNUMBER(G76),ISNUMBER(H76),ISNUMBER(I76),ISNUMBER(F76)),IF(AND(G76>0,H76>0,I76>0,F76>I76),G76*H76/I76*LN(F76/(F76-I76)),"N/A"),"N/A") -> 976.82525 | N76: =IF(ISNUMBER(M76),IF(AND(H76>=$B$7,G76/(F76*$B$9)<$B$8),"croisière","fusée"),"N/A") -> fusée | O76: =IF(N76="fusée",MIN(M76,IF(C76="Jeu de base",$B$4,$B$5)),IF(N76="croisière",$B$6*SQRT(G76),"N/A")) -> 976.82525 | P76: =IF(E76="propulsé",IF(ISNUMBER(O76),IF(AND(ISNUMBER(K76),ISNUMBER(L76)),MEDIAN(K76,L76,O76),IF(ISNUMBER(L76),L76,IF(ISNUMBER(K76),K76,O76))),IF(ISNUMBER(K76),K76,"N/A")),IF(E76="arme à feu",IF(ISNUMBER(J76),IF(ISNUMBER(K76),MIN(J76,K76),J76),"N/A"),"N/A")) -> 1156.87 | Q76: =IF(NOT(ISNUMBER(P76)),"aucune vitesse définie",IF(E76="arme à feu",IF(AND(ISNUMBER(K76),ISNUMBER(J76),K76<J76),"vitesse max fixée (inférieure à la bouche)","vitesse initiale (bouche)"),IF(AND(ISNUMBER(K76),ISNUMBER(L76)),"médiane fichier / wiki / calcul",IF(ISNUMBER(L76),"wiki Delta-V",IF(ISNUMBER(K76),"vitesse fixée du fichier","calcul ("&N76&IF(AND(N76="fusée",M76>O76),", plafonné","")&")"))))) -> vitesse fixée du fichier | R76: =IF(ISNUMBER(P76),IF(E76="arme à feu",IF($B$10=1,P76,"N/A"),P76),"N/A") -> 1156.87 | S76: =IF(ISNUMBER(R76),ROUND(1+9*(SUMPRODUCT(ISNUMBER($R$21:$R$153)*($R$21:$R$153<=R76))-1)/(COUNT($R$21:$R$153)-1),1),"N/A") -> 7.3 | T76: 4.2
A77: =B77&"|"&C77 -> AShM-300|Jeu de base | B77: AShM-300 | C77: Jeu de base | D77: Missile | E77: =IF(ISNUMBER(G77),"propulsé",IF(D77="Canon / mitrailleuse / lance-grenade","arme à feu","autre")) -> propulsé | F77: 600 | G77: 5000 | H77: 600 | I77: 200 | L77: 426.667 | M77: =IF(AND(ISNUMBER(G77),ISNUMBER(H77),ISNUMBER(I77),ISNUMBER(F77)),IF(AND(G77>0,H77>0,I77>0,F77>I77),G77*H77/I77*LN(F77/(F77-I77)),"N/A"),"N/A") -> 6081.9766 | N77: =IF(ISNUMBER(M77),IF(AND(H77>=$B$7,G77/(F77*$B$9)<$B$8),"croisière","fusée"),"N/A") -> croisière | O77: =IF(N77="fusée",MIN(M77,IF(C77="Jeu de base",$B$4,$B$5)),IF(N77="croisière",$B$6*SQRT(G77),"N/A")) -> 374.76659 | P77: =IF(E77="propulsé",IF(ISNUMBER(O77),IF(AND(ISNUMBER(K77),ISNUMBER(L77)),MEDIAN(K77,L77,O77),IF(ISNUMBER(L77),L77,IF(ISNUMBER(K77),K77,O77))),IF(ISNUMBER(K77),K77,"N/A")),IF(E77="arme à feu",IF(ISNUMBER(J77),IF(ISNUMBER(K77),MIN(J77,K77),J77),"N/A"),"N/A")) -> 426.667 | Q77: =IF(NOT(ISNUMBER(P77)),"aucune vitesse définie",IF(E77="arme à feu",IF(AND(ISNUMBER(K77),ISNUMBER(J77),K77<J77),"vitesse max fixée (inférieure à la bouche)","vitesse initiale (bouche)"),IF(AND(ISNUMBER(K77),ISNUMBER(L77)),"médiane fichier / wiki / calcul",IF(ISNUMBER(L77),"wiki Delta-V",IF(ISNUMBER(K77),"vitesse fixée du fichier","calcul ("&N77&IF(AND(N77="fusée",M77>O77),", plafonné","")&")"))))) -> wiki Delta-V | R77: =IF(ISNUMBER(P77),IF(E77="arme à feu",IF($B$10=1,P77,"N/A"),P77),"N/A") -> 426.667 | S77: =IF(ISNUMBER(R77),ROUND(1+9*(SUMPRODUCT(ISNUMBER($R$21:$R$153)*($R$21:$R$153<=R77))-1)/(COUNT($R$21:$R$153)-1),1),"N/A") -> 2.4 | T77: 8.2
A78: =B78&"|"&C78 -> AT-145|Jeu de base | B78: AT-145 | C78: Jeu de base | D78: Missile | E78: =IF(ISNUMBER(G78),"propulsé",IF(D78="Canon / mitrailleuse / lance-grenade","arme à feu","autre")) -> propulsé | F78: 20 | G78: 2400 | H78: 6 | I78: 10 | K78: 252.16 | L78: 252.222 | M78: =IF(AND(ISNUMBER(G78),ISNUMBER(H78),ISNUMBER(I78),ISNUMBER(F78)),IF(AND(G78>0,H78>0,I78>0,F78>I78),G78*H78/I78*LN(F78/(F78-I78)),"N/A"),"N/A") -> 998.13194 | N78: =IF(ISNUMBER(M78),IF(AND(H78>=$B$7,G78/(F78*$B$9)<$B$8),"croisière","fusée"),"N/A") -> fusée | O78: =IF(N78="fusée",MIN(M78,IF(C78="Jeu de base",$B$4,$B$5)),IF(N78="croisière",$B$6*SQRT(G78),"N/A")) -> 998.13194 | P78: =IF(E78="propulsé",IF(ISNUMBER(O78),IF(AND(ISNUMBER(K78),ISNUMBER(L78)),MEDIAN(K78,L78,O78),IF(ISNUMBER(L78),L78,IF(ISNUMBER(K78),K78,O78))),IF(ISNUMBER(K78),K78,"N/A")),IF(E78="arme à feu",IF(ISNUMBER(J78),IF(ISNUMBER(K78),MIN(J78,K78),J78),"N/A"),"N/A")) -> 252.222 | Q78: =IF(NOT(ISNUMBER(P78)),"aucune vitesse définie",IF(E78="arme à feu",IF(AND(ISNUMBER(K78),ISNUMBER(J78),K78<J78),"vitesse max fixée (inférieure à la bouche)","vitesse initiale (bouche)"),IF(AND(ISNUMBER(K78),ISNUMBER(L78)),"médiane fichier / wiki / calcul",IF(ISNUMBER(L78),"wiki Delta-V",IF(ISNUMBER(K78),"vitesse fixée du fichier","calcul ("&N78&IF(AND(N78="fusée",M78>O78),", plafonné","")&")"))))) -> médiane fichier / wiki / calcul | R78: =IF(ISNUMBER(P78),IF(E78="arme à feu",IF($B$10=1,P78,"N/A"),P78),"N/A") -> 252.222 | S78: =IF(ISNUMBER(R78),ROUND(1+9*(SUMPRODUCT(ISNUMBER($R$21:$R$153)*($R$21:$R$153<=R78))-1)/(COUNT($R$21:$R$153)-1),1),"N/A") -> 1.4 | T78: 3.7
A79: =B79&"|"&C79 -> ATP-1|Jeu de base | B79: ATP-1 | C79: Jeu de base | D79: Missile | E79: =IF(ISNUMBER(G79),"propulsé",IF(D79="Canon / mitrailleuse / lance-grenade","arme à feu","autre")) -> propulsé | F79: 45 | G79: 5000 | H79: 2.2 | I79: 15 | L79: 297.222 | M79: =IF(AND(ISNUMBER(G79),ISNUMBER(H79),ISNUMBER(I79),ISNUMBER(F79)),IF(AND(G79>0,H79>0,I79>0,F79>I79),G79*H79/I79*LN(F79/(F79-I79)),"N/A"),"N/A") -> 297.34108 | N79: =IF(ISNUMBER(M79),IF(AND(H79>=$B$7,G79/(F79*$B$9)<$B$8),"croisière","fusée"),"N/A") -> fusée | O79: =IF(N79="fusée",MIN(M79,IF(C79="Jeu de base",$B$4,$B$5)),IF(N79="croisière",$B$6*SQRT(G79),"N/A")) -> 297.34108 | P79: =IF(E79="propulsé",IF(ISNUMBER(O79),IF(AND(ISNUMBER(K79),ISNUMBER(L79)),MEDIAN(K79,L79,O79),IF(ISNUMBER(L79),L79,IF(ISNUMBER(K79),K79,O79))),IF(ISNUMBER(K79),K79,"N/A")),IF(E79="arme à feu",IF(ISNUMBER(J79),IF(ISNUMBER(K79),MIN(J79,K79),J79),"N/A"),"N/A")) -> 297.222 | Q79: =IF(NOT(ISNUMBER(P79)),"aucune vitesse définie",IF(E79="arme à feu",IF(AND(ISNUMBER(K79),ISNUMBER(J79),K79<J79),"vitesse max fixée (inférieure à la bouche)","vitesse initiale (bouche)"),IF(AND(ISNUMBER(K79),ISNUMBER(L79)),"médiane fichier / wiki / calcul",IF(ISNUMBER(L79),"wiki Delta-V",IF(ISNUMBER(K79),"vitesse fixée du fichier","calcul ("&N79&IF(AND(N79="fusée",M79>O79),", plafonné","")&")"))))) -> wiki Delta-V | R79: =IF(ISNUMBER(P79),IF(E79="arme à feu",IF($B$10=1,P79,"N/A"),P79),"N/A") -> 297.222 | S79: =IF(ISNUMBER(R79),ROUND(1+9*(SUMPRODUCT(ISNUMBER($R$21:$R$153)*($R$21:$R$153<=R79))-1)/(COUNT($R$21:$R$153)-1),1),"N/A") -> 1.6 | T79: 1
A80: =B80&"|"&C80 -> Eyeball Mk.II|Jeu de base | B80: Eyeball Mk.II | C80: Jeu de base | D80: Missile | E80: =IF(ISNUMBER(G80),"propulsé",IF(D80="Canon / mitrailleuse / lance-grenade","arme à feu","autre")) -> propulsé | F80: 50 | G80: 4000 | H80: 3.5 | I80: 20 | L80: 350 | M80: =IF(AND(ISNUMBER(G80),ISNUMBER(H80),ISNUMBER(I80),ISNUMBER(F80)),IF(AND(G80>0,H80>0,I80>0,F80>I80),G80*H80/I80*LN(F80/(F80-I80)),"N/A"),"N/A") -> 357.57794 | N80: =IF(ISNUMBER(M80),IF(AND(H80>=$B$7,G80/(F80*$B$9)<$B$8),"croisière","fusée"),"N/A") -> fusée | O80: =IF(N80="fusée",MIN(M80,IF(C80="Jeu de base",$B$4,$B$5)),IF(N80="croisière",$B$6*SQRT(G80),"N/A")) -> 357.57794 | P80: =IF(E80="propulsé",IF(ISNUMBER(O80),IF(AND(ISNUMBER(K80),ISNUMBER(L80)),MEDIAN(K80,L80,O80),IF(ISNUMBER(L80),L80,IF(ISNUMBER(K80),K80,O80))),IF(ISNUMBER(K80),K80,"N/A")),IF(E80="arme à feu",IF(ISNUMBER(J80),IF(ISNUMBER(K80),MIN(J80,K80),J80),"N/A"),"N/A")) -> 350 | Q80: =IF(NOT(ISNUMBER(P80)),"aucune vitesse définie",IF(E80="arme à feu",IF(AND(ISNUMBER(K80),ISNUMBER(J80),K80<J80),"vitesse max fixée (inférieure à la bouche)","vitesse initiale (bouche)"),IF(AND(ISNUMBER(K80),ISNUMBER(L80)),"médiane fichier / wiki / calcul",IF(ISNUMBER(L80),"wiki Delta-V",IF(ISNUMBER(K80),"vitesse fixée du fichier","calcul ("&N80&IF(AND(N80="fusée",M80>O80),", plafonné","")&")"))))) -> wiki Delta-V | R80: =IF(ISNUMBER(P80),IF(E80="arme à feu",IF($B$10=1,P80,"N/A"),P80),"N/A") -> 350 | S80: =IF(ISNUMBER(R80),ROUND(1+9*(SUMPRODUCT(ISNUMBER($R$21:$R$153)*($R$21:$R$153<=R80))-1)/(COUNT($R$21:$R$153)-1),1),"N/A") -> 2 | T80: 1.2
A81: =B81&"|"&C81 -> IRM-S1|Jeu de base | B81: IRM-S1 | C81: Jeu de base | D81: Missile | E81: =IF(ISNUMBER(G81),"propulsé",IF(D81="Canon / mitrailleuse / lance-grenade","arme à feu","autre")) -> propulsé | F81: 10 | G81: 2750 | H81: 2 | I81: 4 | L81: 702.5 | M81: =IF(AND(ISNUMBER(G81),ISNUMBER(H81),ISNUMBER(I81),ISNUMBER(F81)),IF(AND(G81>0,H81>0,I81>0,F81>I81),G81*H81/I81*LN(F81/(F81-I81)),"N/A"),"N/A") -> 702.38523 | N81: =IF(ISNUMBER(M81),IF(AND(H81>=$B$7,G81/(F81*$B$9)<$B$8),"croisière","fusée"),"N/A") -> fusée | O81: =IF(N81="fusée",MIN(M81,IF(C81="Jeu de base",$B$4,$B$5)),IF(N81="croisière",$B$6*SQRT(G81),"N/A")) -> 702.38523 | P81: =IF(E81="propulsé",IF(ISNUMBER(O81),IF(AND(ISNUMBER(K81),ISNUMBER(L81)),MEDIAN(K81,L81,O81),IF(ISNUMBER(L81),L81,IF(ISNUMBER(K81),K81,O81))),IF(ISNUMBER(K81),K81,"N/A")),IF(E81="arme à feu",IF(ISNUMBER(J81),IF(ISNUMBER(K81),MIN(J81,K81),J81),"N/A"),"N/A")) -> 702.5 | Q81: =IF(NOT(ISNUMBER(P81)),"aucune vitesse définie",IF(E81="arme à feu",IF(AND(ISNUMBER(K81),ISNUMBER(J81),K81<J81),"vitesse max fixée (inférieure à la bouche)","vitesse initiale (bouche)"),IF(AND(ISNUMBER(K81),ISNUMBER(L81)),"médiane fichier / wiki / calcul",IF(ISNUMBER(L81),"wiki Delta-V",IF(ISNUMBER(K81),"vitesse fixée du fichier","calcul ("&N81&IF(AND(N81="fusée",M81>O81),", plafonné","")&")"))))) -> wiki Delta-V | R81: =IF(ISNUMBER(P81),IF(E81="arme à feu",IF($B$10=1,P81,"N/A"),P81),"N/A") -> 702.5 | S81: =IF(ISNUMBER(R81),ROUND(1+9*(SUMPRODUCT(ISNUMBER($R$21:$R$153)*($R$21:$R$153<=R81))-1)/(COUNT($R$21:$R$153)-1),1),"N/A") -> 2.7 | T81: 2.1
A82: =B82&"|"&C82 -> IRM-S2|Jeu de base | B82: IRM-S2 | C82: Jeu de base | D82: Missile | E82: =IF(ISNUMBER(G82),"propulsé",IF(D82="Canon / mitrailleuse / lance-grenade","arme à feu","autre")) -> propulsé | F82: 60 | G82: 18000 | H82: 2 | I82: 25 | L82: 776.111 | M82: =IF(AND(ISNUMBER(G82),ISNUMBER(H82),ISNUMBER(I82),ISNUMBER(F82)),IF(AND(G82>0,H82>0,I82>0,F82>I82),G82*H82/I82*LN(F82/(F82-I82)),"N/A"),"N/A") -> 776.15496 | N82: =IF(ISNUMBER(M82),IF(AND(H82>=$B$7,G82/(F82*$B$9)<$B$8),"croisière","fusée"),"N/A") -> fusée | O82: =IF(N82="fusée",MIN(M82,IF(C82="Jeu de base",$B$4,$B$5)),IF(N82="croisière",$B$6*SQRT(G82),"N/A")) -> 776.15496 | P82: =IF(E82="propulsé",IF(ISNUMBER(O82),IF(AND(ISNUMBER(K82),ISNUMBER(L82)),MEDIAN(K82,L82,O82),IF(ISNUMBER(L82),L82,IF(ISNUMBER(K82),K82,O82))),IF(ISNUMBER(K82),K82,"N/A")),IF(E82="arme à feu",IF(ISNUMBER(J82),IF(ISNUMBER(K82),MIN(J82,K82),J82),"N/A"),"N/A")) -> 776.111 | Q82: =IF(NOT(ISNUMBER(P82)),"aucune vitesse définie",IF(E82="arme à feu",IF(AND(ISNUMBER(K82),ISNUMBER(J82),K82<J82),"vitesse max fixée (inférieure à la bouche)","vitesse initiale (bouche)"),IF(AND(ISNUMBER(K82),ISNUMBER(L82)),"médiane fichier / wiki / calcul",IF(ISNUMBER(L82),"wiki Delta-V",IF(ISNUMBER(K82),"vitesse fixée du fichier","calcul ("&N82&IF(AND(N82="fusée",M82>O82),", plafonné","")&")"))))) -> wiki Delta-V | R82: =IF(ISNUMBER(P82),IF(E82="arme à feu",IF($B$10=1,P82,"N/A"),P82),"N/A") -> 776.111 | S82: =IF(ISNUMBER(R82),ROUND(1+9*(SUMPRODUCT(ISNUMBER($R$21:$R$153)*($R$21:$R$153<=R82))-1)/(COUNT($R$21:$R$153)-1),1),"N/A") -> 3.1 | T82: 2.6
A83: =B83&"|"&C83 -> MMR-S3|Jeu de base | B83: MMR-S3 | C83: Jeu de base | D83: Missile | E83: =IF(ISNUMBER(G83),"propulsé",IF(D83="Canon / mitrailleuse / lance-grenade","arme à feu","autre")) -> propulsé | F83: 100 | G83: 28000 | H83: 2.2 | I83: 40 | L83: 786.667 | M83: =IF(AND(ISNUMBER(G83),ISNUMBER(H83),ISNUMBER(I83),ISNUMBER(F83)),IF(AND(G83>0,H83>0,I83>0,F83>I83),G83*H83/I83*LN(F83/(F83-I83)),"N/A"),"N/A") -> 786.67146 | N83: =IF(ISNUMBER(M83),IF(AND(H83>=$B$7,G83/(F83*$B$9)<$B$8),"croisière","fusée"),"N/A") -> fusée | O83: =IF(N83="fusée",MIN(M83,IF(C83="Jeu de base",$B$4,$B$5)),IF(N83="croisière",$B$6*SQRT(G83),"N/A")) -> 786.67146 | P83: =IF(E83="propulsé",IF(ISNUMBER(O83),IF(AND(ISNUMBER(K83),ISNUMBER(L83)),MEDIAN(K83,L83,O83),IF(ISNUMBER(L83),L83,IF(ISNUMBER(K83),K83,O83))),IF(ISNUMBER(K83),K83,"N/A")),IF(E83="arme à feu",IF(ISNUMBER(J83),IF(ISNUMBER(K83),MIN(J83,K83),J83),"N/A"),"N/A")) -> 786.667 | Q83: =IF(NOT(ISNUMBER(P83)),"aucune vitesse définie",IF(E83="arme à feu",IF(AND(ISNUMBER(K83),ISNUMBER(J83),K83<J83),"vitesse max fixée (inférieure à la bouche)","vitesse initiale (bouche)"),IF(AND(ISNUMBER(K83),ISNUMBER(L83)),"médiane fichier / wiki / calcul",IF(ISNUMBER(L83),"wiki Delta-V",IF(ISNUMBER(K83),"vitesse fixée du fichier","calcul ("&N83&IF(AND(N83="fusée",M83>O83),", plafonné","")&")"))))) -> wiki Delta-V | R83: =IF(ISNUMBER(P83),IF(E83="arme à feu",IF($B$10=1,P83,"N/A"),P83),"N/A") -> 786.667 | S83: =IF(ISNUMBER(R83),ROUND(1+9*(SUMPRODUCT(ISNUMBER($R$21:$R$153)*($R$21:$R$153<=R83))-1)/(COUNT($R$21:$R$153)-1),1),"N/A") -> 3.2 | T83: 2.8
A84: =B84&"|"&C84 -> NL-98|Jeu de base | B84: NL-98 | C84: Jeu de base | D84: Missile | E84: =IF(ISNUMBER(G84),"propulsé",IF(D84="Canon / mitrailleuse / lance-grenade","arme à feu","autre")) -> propulsé | F84: 210 | G84: 49500 | H84: 8 | I84: 60 | L84: 1256.389 | M84: =IF(AND(ISNUMBER(G84),ISNUMBER(H84),ISNUMBER(I84),ISNUMBER(F84)),IF(AND(G84>0,H84>0,I84>0,F84>I84),G84*H84/I84*LN(F84/(F84-I84)),"N/A"),"N/A") -> 2220.7168 | N84: =IF(ISNUMBER(M84),IF(AND(H84>=$B$7,G84/(F84*$B$9)<$B$8),"croisière","fusée"),"N/A") -> fusée | O84: =IF(N84="fusée",MIN(M84,IF(C84="Jeu de base",$B$4,$B$5)),IF(N84="croisière",$B$6*SQRT(G84),"N/A")) -> 1250 | P84: =IF(E84="propulsé",IF(ISNUMBER(O84),IF(AND(ISNUMBER(K84),ISNUMBER(L84)),MEDIAN(K84,L84,O84),IF(ISNUMBER(L84),L84,IF(ISNUMBER(K84),K84,O84))),IF(ISNUMBER(K84),K84,"N/A")),IF(E84="arme à feu",IF(ISNUMBER(J84),IF(ISNUMBER(K84),MIN(J84,K84),J84),"N/A"),"N/A")) -> 1256.389 | Q84: =IF(NOT(ISNUMBER(P84)),"aucune vitesse définie",IF(E84="arme à feu",IF(AND(ISNUMBER(K84),ISNUMBER(J84),K84<J84),"vitesse max fixée (inférieure à la bouche)","vitesse initiale (bouche)"),IF(AND(ISNUMBER(K84),ISNUMBER(L84)),"médiane fichier / wiki / calcul",IF(ISNUMBER(L84),"wiki Delta-V",IF(ISNUMBER(K84),"vitesse fixée du fichier","calcul ("&N84&IF(AND(N84="fusée",M84>O84),", plafonné","")&")"))))) -> wiki Delta-V | R84: =IF(ISNUMBER(P84),IF(E84="arme à feu",IF($B$10=1,P84,"N/A"),P84),"N/A") -> 1256.389 | S84: =IF(ISNUMBER(R84),ROUND(1+9*(SUMPRODUCT(ISNUMBER($R$21:$R$153)*($R$21:$R$153<=R84))-1)/(COUNT($R$21:$R$153)-1),1),"N/A") -> 8.2 | T84: 6.4
A85: =B85&"|"&C85 -> Piledriver TBM|Jeu de base | B85: Piledriver TBM | C85: Jeu de base | D85: Missile | E85: =IF(ISNUMBER(G85),"propulsé",IF(D85="Canon / mitrailleuse / lance-grenade","arme à feu","autre")) -> propulsé | F85: 2500 | G85: 70000 | H85: 40 | I85: 1000 | K85: 1430.31 | L85: 1430.278 | M85: =IF(AND(ISNUMBER(G85),ISNUMBER(H85),ISNUMBER(I85),ISNUMBER(F85)),IF(AND(G85>0,H85>0,I85>0,F85>I85),G85*H85/I85*LN(F85/(F85-I85)),"N/A"),"N/A") -> 1430.3117 | N85: =IF(ISNUMBER(M85),IF(AND(H85>=$B$7,G85/(F85*$B$9)<$B$8),"croisière","fusée"),"N/A") -> fusée | O85: =IF(N85="fusée",MIN(M85,IF(C85="Jeu de base",$B$4,$B$5)),IF(N85="croisière",$B$6*SQRT(G85),"N/A")) -> 1250 | P85: =IF(E85="propulsé",IF(ISNUMBER(O85),IF(AND(ISNUMBER(K85),ISNUMBER(L85)),MEDIAN(K85,L85,O85),IF(ISNUMBER(L85),L85,IF(ISNUMBER(K85),K85,O85))),IF(ISNUMBER(K85),K85,"N/A")),IF(E85="arme à feu",IF(ISNUMBER(J85),IF(ISNUMBER(K85),MIN(J85,K85),J85),"N/A"),"N/A")) -> 1430.278 | Q85: =IF(NOT(ISNUMBER(P85)),"aucune vitesse définie",IF(E85="arme à feu",IF(AND(ISNUMBER(K85),ISNUMBER(J85),K85<J85),"vitesse max fixée (inférieure à la bouche)","vitesse initiale (bouche)"),IF(AND(ISNUMBER(K85),ISNUMBER(L85)),"médiane fichier / wiki / calcul",IF(ISNUMBER(L85),"wiki Delta-V",IF(ISNUMBER(K85),"vitesse fixée du fichier","calcul ("&N85&IF(AND(N85="fusée",M85>O85),", plafonné","")&")"))))) -> médiane fichier / wiki / calcul | R85: =IF(ISNUMBER(P85),IF(E85="arme à feu",IF($B$10=1,P85,"N/A"),P85),"N/A") -> 1430.278 | S85: =IF(ISNUMBER(R85),ROUND(1+9*(SUMPRODUCT(ISNUMBER($R$21:$R$153)*($R$21:$R$153<=R85))-1)/(COUNT($R$21:$R$153)-1),1),"N/A") -> 8.6 | T85: 5.3
A86: =B86&"|"&C86 -> RAM-45|Jeu de base | B86: RAM-45 | C86: Jeu de base | D86: Missile | E86: =IF(ISNUMBER(G86),"propulsé",IF(D86="Canon / mitrailleuse / lance-grenade","arme à feu","autre")) -> propulsé | F86: 170 | G86: 22000.1 | H86: 7 | I86: 68.01 | K86: 1156.96 | L86: 1156.944 | M86: =IF(AND(ISNUMBER(G86),ISNUMBER(H86),ISNUMBER(I86),ISNUMBER(F86)),IF(AND(G86>0,H86>0,I86>0,F86>I86),G86*H86/I86*LN(F86/(F86-I86)),"N/A"),"N/A") -> 1156.927 | N86: =IF(ISNUMBER(M86),IF(AND(H86>=$B$7,G86/(F86*$B$9)<$B$8),"croisière","fusée"),"N/A") -> fusée | O86: =IF(N86="fusée",MIN(M86,IF(C86="Jeu de base",$B$4,$B$5)),IF(N86="croisière",$B$6*SQRT(G86),"N/A")) -> 1156.927 | P86: =IF(E86="propulsé",IF(ISNUMBER(O86),IF(AND(ISNUMBER(K86),ISNUMBER(L86)),MEDIAN(K86,L86,O86),IF(ISNUMBER(L86),L86,IF(ISNUMBER(K86),K86,O86))),IF(ISNUMBER(K86),K86,"N/A")),IF(E86="arme à feu",IF(ISNUMBER(J86),IF(ISNUMBER(K86),MIN(J86,K86),J86),"N/A"),"N/A")) -> 1156.944 | Q86: =IF(NOT(ISNUMBER(P86)),"aucune vitesse définie",IF(E86="arme à feu",IF(AND(ISNUMBER(K86),ISNUMBER(J86),K86<J86),"vitesse max fixée (inférieure à la bouche)","vitesse initiale (bouche)"),IF(AND(ISNUMBER(K86),ISNUMBER(L86)),"médiane fichier / wiki / calcul",IF(ISNUMBER(L86),"wiki Delta-V",IF(ISNUMBER(K86),"vitesse fixée du fichier","calcul ("&N86&IF(AND(N86="fusée",M86>O86),", plafonné","")&")"))))) -> médiane fichier / wiki / calcul | R86: =IF(ISNUMBER(P86),IF(E86="arme à feu",IF($B$10=1,P86,"N/A"),P86),"N/A") -> 1156.944 | S86: =IF(ISNUMBER(R86),ROUND(1+9*(SUMPRODUCT(ISNUMBER($R$21:$R$153)*($R$21:$R$153<=R86))-1)/(COUNT($R$21:$R$153)-1),1),"N/A") -> 7.4 | T86: 4.6
A87: =B87&"|"&C87 -> StratoLance R9|Jeu de base | B87: StratoLance R9 | C87: Jeu de base | D87: Missile | E87: =IF(ISNUMBER(G87),"propulsé",IF(D87="Canon / mitrailleuse / lance-grenade","arme à feu","autre")) -> propulsé | F87: 500 | G87: 120000 | H87: 9 | I87: 200 | K87: 1392.69 | L87: 1392.778 | M87: =IF(AND(ISNUMBER(G87),ISNUMBER(H87),ISNUMBER(I87),ISNUMBER(F87)),IF(AND(G87>0,H87>0,I87>0,F87>I87),G87*H87/I87*LN(F87/(F87-I87)),"N/A"),"N/A") -> 2758.4584 | N87: =IF(ISNUMBER(M87),IF(AND(H87>=$B$7,G87/(F87*$B$9)<$B$8),"croisière","fusée"),"N/A") -> fusée | O87: =IF(N87="fusée",MIN(M87,IF(C87="Jeu de base",$B$4,$B$5)),IF(N87="croisière",$B$6*SQRT(G87),"N/A")) -> 1250 | P87: =IF(E87="propulsé",IF(ISNUMBER(O87),IF(AND(ISNUMBER(K87),ISNUMBER(L87)),MEDIAN(K87,L87,O87),IF(ISNUMBER(L87),L87,IF(ISNUMBER(K87),K87,O87))),IF(ISNUMBER(K87),K87,"N/A")),IF(E87="arme à feu",IF(ISNUMBER(J87),IF(ISNUMBER(K87),MIN(J87,K87),J87),"N/A"),"N/A")) -> 1392.69 | Q87: =IF(NOT(ISNUMBER(P87)),"aucune vitesse définie",IF(E87="arme à feu",IF(AND(ISNUMBER(K87),ISNUMBER(J87),K87<J87),"vitesse max fixée (inférieure à la bouche)","vitesse initiale (bouche)"),IF(AND(ISNUMBER(K87),ISNUMBER(L87)),"médiane fichier / wiki / calcul",IF(ISNUMBER(L87),"wiki Delta-V",IF(ISNUMBER(K87),"vitesse fixée du fichier","calcul ("&N87&IF(AND(N87="fusée",M87>O87),", plafonné","")&")"))))) -> médiane fichier / wiki / calcul | R87: =IF(ISNUMBER(P87),IF(E87="arme à feu",IF($B$10=1,P87,"N/A"),P87),"N/A") -> 1392.69 | S87: =IF(ISNUMBER(R87),ROUND(1+9*(SUMPRODUCT(ISNUMBER($R$21:$R$153)*($R$21:$R$153<=R87))-1)/(COUNT($R$21:$R$153)-1),1),"N/A") -> 8.5 | T87: 7.3
A88: =B88&"|"&C88 -> Tusko-B (HE)|Jeu de base | B88: Tusko-B (HE) | C88: Jeu de base | D88: Missile | E88: =IF(ISNUMBER(G88),"propulsé",IF(D88="Canon / mitrailleuse / lance-grenade","arme à feu","autre")) -> propulsé | F88: 650 | G88: 22000 | H88: 20 | I88: 300 | L88: 908.056 | M88: =IF(AND(ISNUMBER(G88),ISNUMBER(H88),ISNUMBER(I88),ISNUMBER(F88)),IF(AND(G88>0,H88>0,I88>0,F88>I88),G88*H88/I88*LN(F88/(F88-I88)),"N/A"),"N/A") -> 907.92417 | N88: =IF(ISNUMBER(M88),IF(AND(H88>=$B$7,G88/(F88*$B$9)<$B$8),"croisière","fusée"),"N/A") -> fusée | O88: =IF(N88="fusée",MIN(M88,IF(C88="Jeu de base",$B$4,$B$5)),IF(N88="croisière",$B$6*SQRT(G88),"N/A")) -> 907.92417 | P88: =IF(E88="propulsé",IF(ISNUMBER(O88),IF(AND(ISNUMBER(K88),ISNUMBER(L88)),MEDIAN(K88,L88,O88),IF(ISNUMBER(L88),L88,IF(ISNUMBER(K88),K88,O88))),IF(ISNUMBER(K88),K88,"N/A")),IF(E88="arme à feu",IF(ISNUMBER(J88),IF(ISNUMBER(K88),MIN(J88,K88),J88),"N/A"),"N/A")) -> 908.056 | Q88: =IF(NOT(ISNUMBER(P88)),"aucune vitesse définie",IF(E88="arme à feu",IF(AND(ISNUMBER(K88),ISNUMBER(J88),K88<J88),"vitesse max fixée (inférieure à la bouche)","vitesse initiale (bouche)"),IF(AND(ISNUMBER(K88),ISNUMBER(L88)),"médiane fichier / wiki / calcul",IF(ISNUMBER(L88),"wiki Delta-V",IF(ISNUMBER(K88),"vitesse fixée du fichier","calcul ("&N88&IF(AND(N88="fusée",M88>O88),", plafonné","")&")"))))) -> wiki Delta-V | R88: =IF(ISNUMBER(P88),IF(E88="arme à feu",IF($B$10=1,P88,"N/A"),P88),"N/A") -> 908.056 | S88: =IF(ISNUMBER(R88),ROUND(1+9*(SUMPRODUCT(ISNUMBER($R$21:$R$153)*($R$21:$R$153<=R88))-1)/(COUNT($R$21:$R$153)-1),1),"N/A") -> 4.9 | T88: 3.3
A89: =B89&"|"&C89 -> AIR-2 Genie|Jeu de base | B89: AIR-2 Genie | C89: Jeu de base | D89: Missile nucléaire | E89: =IF(ISNUMBER(G89),"propulsé",IF(D89="Canon / mitrailleuse / lance-grenade","arme à feu","autre")) -> propulsé | F89: 373 | G89: 162000 | H89: 2 | I89: 120 | J89: 850 | M89: =IF(AND(ISNUMBER(G89),ISNUMBER(H89),ISNUMBER(I89),ISNUMBER(F89)),IF(AND(G89>0,H89>0,I89>0,F89>I89),G89*H89/I89*LN(F89/(F89-I89)),"N/A"),"N/A") -> 1048.1101 | N89: =IF(ISNUMBER(M89),IF(AND(H89>=$B$7,G89/(F89*$B$9)<$B$8),"croisière","fusée"),"N/A") -> fusée | O89: =IF(N89="fusée",MIN(M89,IF(C89="Jeu de base",$B$4,$B$5)),IF(N89="croisière",$B$6*SQRT(G89),"N/A")) -> 1048.1101 | P89: =IF(E89="propulsé",IF(ISNUMBER(O89),IF(AND(ISNUMBER(K89),ISNUMBER(L89)),MEDIAN(K89,L89,O89),IF(ISNUMBER(L89),L89,IF(ISNUMBER(K89),K89,O89))),IF(ISNUMBER(K89),K89,"N/A")),IF(E89="arme à feu",IF(ISNUMBER(J89),IF(ISNUMBER(K89),MIN(J89,K89),J89),"N/A"),"N/A")) -> 1048.1101 | Q89: =IF(NOT(ISNUMBER(P89)),"aucune vitesse définie",IF(E89="arme à feu",IF(AND(ISNUMBER(K89),ISNUMBER(J89),K89<J89),"vitesse max fixée (inférieure à la bouche)","vitesse initiale (bouche)"),IF(AND(ISNUMBER(K89),ISNUMBER(L89)),"médiane fichier / wiki / calcul",IF(ISNUMBER(L89),"wiki Delta-V",IF(ISNUMBER(K89),"vitesse fixée du fichier","calcul ("&N89&IF(AND(N89="fusée",M89>O89),", plafonné","")&")"))))) -> calcul (fusée) | R89: =IF(ISNUMBER(P89),IF(E89="arme à feu",IF($B$10=1,P89,"N/A"),P89),"N/A") -> 1048.1101 | S89: =IF(ISNUMBER(R89),ROUND(1+9*(SUMPRODUCT(ISNUMBER($R$21:$R$153)*($R$21:$R$153<=R89))-1)/(COUNT($R$21:$R$153)-1),1),"N/A") -> 5.7 | T89: 4.4
A90: =B90&"|"&C90 -> ALND-4 (20kt)|Jeu de base | B90: ALND-4 (20kt) | C90: Jeu de base | D90: Missile nucléaire | E90: =IF(ISNUMBER(G90),"propulsé",IF(D90="Canon / mitrailleuse / lance-grenade","arme à feu","autre")) -> propulsé | F90: 1280 | G90: 4500 | H90: 1000 | I90: 400 | L90: 308.889 | M90: =IF(AND(ISNUMBER(G90),ISNUMBER(H90),ISNUMBER(I90),ISNUMBER(F90)),IF(AND(G90>0,H90>0,I90>0,F90>I90),G90*H90/I90*LN(F90/(F90-I90)),"N/A"),"N/A") -> 4215.3013 | N90: =IF(ISNUMBER(M90),IF(AND(H90>=$B$7,G90/(F90*$B$9)<$B$8),"croisière","fusée"),"N/A") -> croisière | O90: =IF(N90="fusée",MIN(M90,IF(C90="Jeu de base",$B$4,$B$5)),IF(N90="croisière",$B$6*SQRT(G90),"N/A")) -> 355.53481 | P90: =IF(E90="propulsé",IF(ISNUMBER(O90),IF(AND(ISNUMBER(K90),ISNUMBER(L90)),MEDIAN(K90,L90,O90),IF(ISNUMBER(L90),L90,IF(ISNUMBER(K90),K90,O90))),IF(ISNUMBER(K90),K90,"N/A")),IF(E90="arme à feu",IF(ISNUMBER(J90),IF(ISNUMBER(K90),MIN(J90,K90),J90),"N/A"),"N/A")) -> 308.889 | Q90: =IF(NOT(ISNUMBER(P90)),"aucune vitesse définie",IF(E90="arme à feu",IF(AND(ISNUMBER(K90),ISNUMBER(J90),K90<J90),"vitesse max fixée (inférieure à la bouche)","vitesse initiale (bouche)"),IF(AND(ISNUMBER(K90),ISNUMBER(L90)),"médiane fichier / wiki / calcul",IF(ISNUMBER(L90),"wiki Delta-V",IF(ISNUMBER(K90),"vitesse fixée du fichier","calcul ("&N90&IF(AND(N90="fusée",M90>O90),", plafonné","")&")"))))) -> wiki Delta-V | R90: =IF(ISNUMBER(P90),IF(E90="arme à feu",IF($B$10=1,P90,"N/A"),P90),"N/A") -> 308.889 | S90: =IF(ISNUMBER(R90),ROUND(1+9*(SUMPRODUCT(ISNUMBER($R$21:$R$153)*($R$21:$R$153<=R90))-1)/(COUNT($R$21:$R$153)-1),1),"N/A") -> 1.7 | T90: 8
A91: =B91&"|"&C91 -> Piledriver TBM (20kt)|Jeu de base | B91: Piledriver TBM (20kt) | C91: Jeu de base | D91: Missile nucléaire | E91: =IF(ISNUMBER(G91),"propulsé",IF(D91="Canon / mitrailleuse / lance-grenade","arme à feu","autre")) -> propulsé | F91: 2500 | G91: 70000 | H91: 40 | I91: 1000 | K91: 1430.31 | M91: =IF(AND(ISNUMBER(G91),ISNUMBER(H91),ISNUMBER(I91),ISNUMBER(F91)),IF(AND(G91>0,H91>0,I91>0,F91>I91),G91*H91/I91*LN(F91/(F91-I91)),"N/A"),"N/A") -> 1430.3117 | N91: =IF(ISNUMBER(M91),IF(AND(H91>=$B$7,G91/(F91*$B$9)<$B$8),"croisière","fusée"),"N/A") -> fusée | O91: =IF(N91="fusée",MIN(M91,IF(C91="Jeu de base",$B$4,$B$5)),IF(N91="croisière",$B$6*SQRT(G91),"N/A")) -> 1250 | P91: =IF(E91="propulsé",IF(ISNUMBER(O91),IF(AND(ISNUMBER(K91),ISNUMBER(L91)),MEDIAN(K91,L91,O91),IF(ISNUMBER(L91),L91,IF(ISNUMBER(K91),K91,O91))),IF(ISNUMBER(K91),K91,"N/A")),IF(E91="arme à feu",IF(ISNUMBER(J91),IF(ISNUMBER(K91),MIN(J91,K91),J91),"N/A"),"N/A")) -> 1430.31 | Q91: =IF(NOT(ISNUMBER(P91)),"aucune vitesse définie",IF(E91="arme à feu",IF(AND(ISNUMBER(K91),ISNUMBER(J91),K91<J91),"vitesse max fixée (inférieure à la bouche)","vitesse initiale (bouche)"),IF(AND(ISNUMBER(K91),ISNUMBER(L91)),"médiane fichier / wiki / calcul",IF(ISNUMBER(L91),"wiki Delta-V",IF(ISNUMBER(K91),"vitesse fixée du fichier","calcul ("&N91&IF(AND(N91="fusée",M91>O91),", plafonné","")&")"))))) -> vitesse fixée du fichier | R91: =IF(ISNUMBER(P91),IF(E91="arme à feu",IF($B$10=1,P91,"N/A"),P91),"N/A") -> 1430.31 | S91: =IF(ISNUMBER(R91),ROUND(1+9*(SUMPRODUCT(ISNUMBER($R$21:$R$153)*($R$21:$R$153<=R91))-1)/(COUNT($R$21:$R$153)-1),1),"N/A") -> 8.7 | T91: 5.3
A92: =B92&"|"&C92 -> MLRS Rocket|Jeu de base | B92: MLRS Rocket | C92: Jeu de base | D92: Roquette / obus guidé | E92: =IF(ISNUMBER(G92),"propulsé",IF(D92="Canon / mitrailleuse / lance-grenade","arme à feu","autre")) -> propulsé | F92: 300 | G92: 100000 | H92: 2 | I92: 100 | K92: 745.88 | L92: 810.833 | M92: =IF(AND(ISNUMBER(G92),ISNUMBER(H92),ISNUMBER(I92),ISNUMBER(F92)),IF(AND(G92>0,H92>0,I92>0,F92>I92),G92*H92/I92*LN(F92/(F92-I92)),"N/A"),"N/A") -> 810.93022 | N92: =IF(ISNUMBER(M92),IF(AND(H92>=$B$7,G92/(F92*$B$9)<$B$8),"croisière","fusée"),"N/A") -> fusée | O92: =IF(N92="fusée",MIN(M92,IF(C92="Jeu de base",$B$4,$B$5)),IF(N92="croisière",$B$6*SQRT(G92),"N/A")) -> 810.93022 | P92: =IF(E92="propulsé",IF(ISNUMBER(O92),IF(AND(ISNUMBER(K92),ISNUMBER(L92)),MEDIAN(K92,L92,O92),IF(ISNUMBER(L92),L92,IF(ISNUMBER(K92),K92,O92))),IF(ISNUMBER(K92),K92,"N/A")),IF(E92="arme à feu",IF(ISNUMBER(J92),IF(ISNUMBER(K92),MIN(J92,K92),J92),"N/A"),"N/A")) -> 810.833 | Q92: =IF(NOT(ISNUMBER(P92)),"aucune vitesse définie",IF(E92="arme à feu",IF(AND(ISNUMBER(K92),ISNUMBER(J92),K92<J92),"vitesse max fixée (inférieure à la bouche)","vitesse initiale (bouche)"),IF(AND(ISNUMBER(K92),ISNUMBER(L92)),"médiane fichier / wiki / calcul",IF(ISNUMBER(L92),"wiki Delta-V",IF(ISNUMBER(K92),"vitesse fixée du fichier","calcul ("&N92&IF(AND(N92="fusée",M92>O92),", plafonné","")&")"))))) -> médiane fichier / wiki / calcul | R92: =IF(ISNUMBER(P92),IF(E92="arme à feu",IF($B$10=1,P92,"N/A"),P92),"N/A") -> 810.833 | S92: =IF(ISNUMBER(R92),ROUND(1+9*(SUMPRODUCT(ISNUMBER($R$21:$R$153)*($R$21:$R$153<=R92))-1)/(COUNT($R$21:$R$153)-1),1),"N/A") -> 3.8 | T92: 3
A93: =B93&"|"&C93 -> AGR-18 Lynchpin|Jeu de base | B93: AGR-18 Lynchpin | C93: Jeu de base | D93: Roquette guidée laser | E93: =IF(ISNUMBER(G93),"propulsé",IF(D93="Canon / mitrailleuse / lance-grenade","arme à feu","autre")) -> propulsé | F93: 11 | G93: 5800 | H93: 1.1 | I93: 4.5 | L93: 745.833 | M93: =IF(AND(ISNUMBER(G93),ISNUMBER(H93),ISNUMBER(I93),ISNUMBER(F93)),IF(AND(G93>0,H93>0,I93>0,F93>I93),G93*H93/I93*LN(F93/(F93-I93)),"N/A"),"N/A") -> 745.8831 | N93: =IF(ISNUMBER(M93),IF(AND(H93>=$B$7,G93/(F93*$B$9)<$B$8),"croisière","fusée"),"N/A") -> fusée | O93: =IF(N93="fusée",MIN(M93,IF(C93="Jeu de base",$B$4,$B$5)),IF(N93="croisière",$B$6*SQRT(G93),"N/A")) -> 745.8831 | P93: =IF(E93="propulsé",IF(ISNUMBER(O93),IF(AND(ISNUMBER(K93),ISNUMBER(L93)),MEDIAN(K93,L93,O93),IF(ISNUMBER(L93),L93,IF(ISNUMBER(K93),K93,O93))),IF(ISNUMBER(K93),K93,"N/A")),IF(E93="arme à feu",IF(ISNUMBER(J93),IF(ISNUMBER(K93),MIN(J93,K93),J93),"N/A"),"N/A")) -> 745.833 | Q93: =IF(NOT(ISNUMBER(P93)),"aucune vitesse définie",IF(E93="arme à feu",IF(AND(ISNUMBER(K93),ISNUMBER(J93),K93<J93),"vitesse max fixée (inférieure à la bouche)","vitesse initiale (bouche)"),IF(AND(ISNUMBER(K93),ISNUMBER(L93)),"médiane fichier / wiki / calcul",IF(ISNUMBER(L93),"wiki Delta-V",IF(ISNUMBER(K93),"vitesse fixée du fichier","calcul ("&N93&IF(AND(N93="fusée",M93>O93),", plafonné","")&")"))))) -> wiki Delta-V | R93: =IF(ISNUMBER(P93),IF(E93="arme à feu",IF($B$10=1,P93,"N/A"),P93),"N/A") -> 745.833 | S93: =IF(ISNUMBER(R93),ROUND(1+9*(SUMPRODUCT(ISNUMBER($R$21:$R$153)*($R$21:$R$153<=R93))-1)/(COUNT($R$21:$R$153)-1),1),"N/A") -> 2.8 | T93: 2.4
A94: =B94&"|"&C94 -> AGR-24 Kingpin|Jeu de base | B94: AGR-24 Kingpin | C94: Jeu de base | D94: Roquette guidée laser | E94: =IF(ISNUMBER(G94),"propulsé",IF(D94="Canon / mitrailleuse / lance-grenade","arme à feu","autre")) -> propulsé | F94: 58 | G94: 28000 | H94: 1.5 | I94: 4.5 | K94: 745.88 | L94: 753.889 | M94: =IF(AND(ISNUMBER(G94),ISNUMBER(H94),ISNUMBER(I94),ISNUMBER(F94)),IF(AND(G94>0,H94>0,I94>0,F94>I94),G94*H94/I94*LN(F94/(F94-I94)),"N/A"),"N/A") -> 753.77266 | N94: =IF(ISNUMBER(M94),IF(AND(H94>=$B$7,G94/(F94*$B$9)<$B$8),"croisière","fusée"),"N/A") -> fusée | O94: =IF(N94="fusée",MIN(M94,IF(C94="Jeu de base",$B$4,$B$5)),IF(N94="croisière",$B$6*SQRT(G94),"N/A")) -> 753.77266 | P94: =IF(E94="propulsé",IF(ISNUMBER(O94),IF(AND(ISNUMBER(K94),ISNUMBER(L94)),MEDIAN(K94,L94,O94),IF(ISNUMBER(L94),L94,IF(ISNUMBER(K94),K94,O94))),IF(ISNUMBER(K94),K94,"N/A")),IF(E94="arme à feu",IF(ISNUMBER(J94),IF(ISNUMBER(K94),MIN(J94,K94),J94),"N/A"),"N/A")) -> 753.77266 | Q94: =IF(NOT(ISNUMBER(P94)),"aucune vitesse définie",IF(E94="arme à feu",IF(AND(ISNUMBER(K94),ISNUMBER(J94),K94<J94),"vitesse max fixée (inférieure à la bouche)","vitesse initiale (bouche)"),IF(AND(ISNUMBER(K94),ISNUMBER(L94)),"médiane fichier / wiki / calcul",IF(ISNUMBER(L94),"wiki Delta-V",IF(ISNUMBER(K94),"vitesse fixée du fichier","calcul ("&N94&IF(AND(N94="fusée",M94>O94),", plafonné","")&")"))))) -> médiane fichier / wiki / calcul | R94: =IF(ISNUMBER(P94),IF(E94="arme à feu",IF($B$10=1,P94,"N/A"),P94),"N/A") -> 753.77266 | S94: =IF(ISNUMBER(R94),ROUND(1+9*(SUMPRODUCT(ISNUMBER($R$21:$R$153)*($R$21:$R$153<=R94))-1)/(COUNT($R$21:$R$153)-1),1),"N/A") -> 2.9 | T94: 3.9
A95: =B95&"|"&C95 -> 120kw Laser|Jeu de base | B95: 120kw Laser | C95: Jeu de base | D95: Énergie / équipement | E95: =IF(ISNUMBER(G95),"propulsé",IF(D95="Canon / mitrailleuse / lance-grenade","arme à feu","autre")) -> autre | F95: 0 | J95: 300000000 | M95: =IF(AND(ISNUMBER(G95),ISNUMBER(H95),ISNUMBER(I95),ISNUMBER(F95)),IF(AND(G95>0,H95>0,I95>0,F95>I95),G95*H95/I95*LN(F95/(F95-I95)),"N/A"),"N/A") -> N/A | N95: =IF(ISNUMBER(M95),IF(AND(H95>=$B$7,G95/(F95*$B$9)<$B$8),"croisière","fusée"),"N/A") -> N/A | O95: =IF(N95="fusée",MIN(M95,IF(C95="Jeu de base",$B$4,$B$5)),IF(N95="croisière",$B$6*SQRT(G95),"N/A")) -> N/A | P95: =IF(E95="propulsé",IF(ISNUMBER(O95),IF(AND(ISNUMBER(K95),ISNUMBER(L95)),MEDIAN(K95,L95,O95),IF(ISNUMBER(L95),L95,IF(ISNUMBER(K95),K95,O95))),IF(ISNUMBER(K95),K95,"N/A")),IF(E95="arme à feu",IF(ISNUMBER(J95),IF(ISNUMBER(K95),MIN(J95,K95),J95),"N/A"),"N/A")) -> N/A | Q95: =IF(NOT(ISNUMBER(P95)),"aucune vitesse définie",IF(E95="arme à feu",IF(AND(ISNUMBER(K95),ISNUMBER(J95),K95<J95),"vitesse max fixée (inférieure à la bouche)","vitesse initiale (bouche)"),IF(AND(ISNUMBER(K95),ISNUMBER(L95)),"médiane fichier / wiki / calcul",IF(ISNUMBER(L95),"wiki Delta-V",IF(ISNUMBER(K95),"vitesse fixée du fichier","calcul ("&N95&IF(AND(N95="fusée",M95>O95),", plafonné","")&")"))))) -> aucune vitesse définie | R95: =IF(ISNUMBER(P95),IF(E95="arme à feu",IF($B$10=1,P95,"N/A"),P95),"N/A") -> N/A | S95: =IF(ISNUMBER(R95),ROUND(1+9*(SUMPRODUCT(ISNUMBER($R$21:$R$153)*($R$21:$R$153<=R95))-1)/(COUNT($R$21:$R$153)-1),1),"N/A") -> N/A
A96: =B96&"|"&C96 -> 20kw Laser|Jeu de base | B96: 20kw Laser | C96: Jeu de base | D96: Énergie / équipement | E96: =IF(ISNUMBER(G96),"propulsé",IF(D96="Canon / mitrailleuse / lance-grenade","arme à feu","autre")) -> autre | F96: 0 | J96: 300000000 | M96: =IF(AND(ISNUMBER(G96),ISNUMBER(H96),ISNUMBER(I96),ISNUMBER(F96)),IF(AND(G96>0,H96>0,I96>0,F96>I96),G96*H96/I96*LN(F96/(F96-I96)),"N/A"),"N/A") -> N/A | N96: =IF(ISNUMBER(M96),IF(AND(H96>=$B$7,G96/(F96*$B$9)<$B$8),"croisière","fusée"),"N/A") -> N/A | O96: =IF(N96="fusée",MIN(M96,IF(C96="Jeu de base",$B$4,$B$5)),IF(N96="croisière",$B$6*SQRT(G96),"N/A")) -> N/A | P96: =IF(E96="propulsé",IF(ISNUMBER(O96),IF(AND(ISNUMBER(K96),ISNUMBER(L96)),MEDIAN(K96,L96,O96),IF(ISNUMBER(L96),L96,IF(ISNUMBER(K96),K96,O96))),IF(ISNUMBER(K96),K96,"N/A")),IF(E96="arme à feu",IF(ISNUMBER(J96),IF(ISNUMBER(K96),MIN(J96,K96),J96),"N/A"),"N/A")) -> N/A | Q96: =IF(NOT(ISNUMBER(P96)),"aucune vitesse définie",IF(E96="arme à feu",IF(AND(ISNUMBER(K96),ISNUMBER(J96),K96<J96),"vitesse max fixée (inférieure à la bouche)","vitesse initiale (bouche)"),IF(AND(ISNUMBER(K96),ISNUMBER(L96)),"médiane fichier / wiki / calcul",IF(ISNUMBER(L96),"wiki Delta-V",IF(ISNUMBER(K96),"vitesse fixée du fichier","calcul ("&N96&IF(AND(N96="fusée",M96>O96),", plafonné","")&")"))))) -> aucune vitesse définie | R96: =IF(ISNUMBER(P96),IF(E96="arme à feu",IF($B$10=1,P96,"N/A"),P96),"N/A") -> N/A | S96: =IF(ISNUMBER(R96),ROUND(1+9*(SUMPRODUCT(ISNUMBER($R$21:$R$153)*($R$21:$R$153<=R96))-1)/(COUNT($R$21:$R$153)-1),1),"N/A") -> N/A
A97: =B97&"|"&C97 -> 80kw Laser|Jeu de base | B97: 80kw Laser | C97: Jeu de base | D97: Énergie / équipement | E97: =IF(ISNUMBER(G97),"propulsé",IF(D97="Canon / mitrailleuse / lance-grenade","arme à feu","autre")) -> autre | F97: 0 | J97: 300000000 | M97: =IF(AND(ISNUMBER(G97),ISNUMBER(H97),ISNUMBER(I97),ISNUMBER(F97)),IF(AND(G97>0,H97>0,I97>0,F97>I97),G97*H97/I97*LN(F97/(F97-I97)),"N/A"),"N/A") -> N/A | N97: =IF(ISNUMBER(M97),IF(AND(H97>=$B$7,G97/(F97*$B$9)<$B$8),"croisière","fusée"),"N/A") -> N/A | O97: =IF(N97="fusée",MIN(M97,IF(C97="Jeu de base",$B$4,$B$5)),IF(N97="croisière",$B$6*SQRT(G97),"N/A")) -> N/A | P97: =IF(E97="propulsé",IF(ISNUMBER(O97),IF(AND(ISNUMBER(K97),ISNUMBER(L97)),MEDIAN(K97,L97,O97),IF(ISNUMBER(L97),L97,IF(ISNUMBER(K97),K97,O97))),IF(ISNUMBER(K97),K97,"N/A")),IF(E97="arme à feu",IF(ISNUMBER(J97),IF(ISNUMBER(K97),MIN(J97,K97),J97),"N/A"),"N/A")) -> N/A | Q97: =IF(NOT(ISNUMBER(P97)),"aucune vitesse définie",IF(E97="arme à feu",IF(AND(ISNUMBER(K97),ISNUMBER(J97),K97<J97),"vitesse max fixée (inférieure à la bouche)","vitesse initiale (bouche)"),IF(AND(ISNUMBER(K97),ISNUMBER(L97)),"médiane fichier / wiki / calcul",IF(ISNUMBER(L97),"wiki Delta-V",IF(ISNUMBER(K97),"vitesse fixée du fichier","calcul ("&N97&IF(AND(N97="fusée",M97>O97),", plafonné","")&")"))))) -> aucune vitesse définie | R97: =IF(ISNUMBER(P97),IF(E97="arme à feu",IF($B$10=1,P97,"N/A"),P97),"N/A") -> N/A | S97: =IF(ISNUMBER(R97),ROUND(1+9*(SUMPRODUCT(ISNUMBER($R$21:$R$153)*($R$21:$R$153<=R97))-1)/(COUNT($R$21:$R$153)-1),1),"N/A") -> N/A
A98: =B98&"|"&C98 -> Radome|Jeu de base | B98: Radome | C98: Jeu de base | D98: Énergie / équipement | E98: =IF(ISNUMBER(G98),"propulsé",IF(D98="Canon / mitrailleuse / lance-grenade","arme à feu","autre")) -> autre | F98: 0 | M98: =IF(AND(ISNUMBER(G98),ISNUMBER(H98),ISNUMBER(I98),ISNUMBER(F98)),IF(AND(G98>0,H98>0,I98>0,F98>I98),G98*H98/I98*LN(F98/(F98-I98)),"N/A"),"N/A") -> N/A | N98: =IF(ISNUMBER(M98),IF(AND(H98>=$B$7,G98/(F98*$B$9)<$B$8),"croisière","fusée"),"N/A") -> N/A | O98: =IF(N98="fusée",MIN(M98,IF(C98="Jeu de base",$B$4,$B$5)),IF(N98="croisière",$B$6*SQRT(G98),"N/A")) -> N/A | P98: =IF(E98="propulsé",IF(ISNUMBER(O98),IF(AND(ISNUMBER(K98),ISNUMBER(L98)),MEDIAN(K98,L98,O98),IF(ISNUMBER(L98),L98,IF(ISNUMBER(K98),K98,O98))),IF(ISNUMBER(K98),K98,"N/A")),IF(E98="arme à feu",IF(ISNUMBER(J98),IF(ISNUMBER(K98),MIN(J98,K98),J98),"N/A"),"N/A")) -> N/A | Q98: =IF(NOT(ISNUMBER(P98)),"aucune vitesse définie",IF(E98="arme à feu",IF(AND(ISNUMBER(K98),ISNUMBER(J98),K98<J98),"vitesse max fixée (inférieure à la bouche)","vitesse initiale (bouche)"),IF(AND(ISNUMBER(K98),ISNUMBER(L98)),"médiane fichier / wiki / calcul",IF(ISNUMBER(L98),"wiki Delta-V",IF(ISNUMBER(K98),"vitesse fixée du fichier","calcul ("&N98&IF(AND(N98="fusée",M98>O98),", plafonné","")&")"))))) -> aucune vitesse définie | R98: =IF(ISNUMBER(P98),IF(E98="arme à feu",IF($B$10=1,P98,"N/A"),P98),"N/A") -> N/A | S98: =IF(ISNUMBER(R98),ROUND(1+9*(SUMPRODUCT(ISNUMBER($R$21:$R$153)*($R$21:$R$153<=R98))-1)/(COUNT($R$21:$R$153)-1),1),"N/A") -> N/A
A99: =B99&"|"&C99 -> Special Flare|Jeu de base | B99: Special Flare | C99: Jeu de base | D99: Énergie / équipement | E99: =IF(ISNUMBER(G99),"propulsé",IF(D99="Canon / mitrailleuse / lance-grenade","arme à feu","autre")) -> autre | F99: 0 | M99: =IF(AND(ISNUMBER(G99),ISNUMBER(H99),ISNUMBER(I99),ISNUMBER(F99)),IF(AND(G99>0,H99>0,I99>0,F99>I99),G99*H99/I99*LN(F99/(F99-I99)),"N/A"),"N/A") -> N/A | N99: =IF(ISNUMBER(M99),IF(AND(H99>=$B$7,G99/(F99*$B$9)<$B$8),"croisière","fusée"),"N/A") -> N/A | O99: =IF(N99="fusée",MIN(M99,IF(C99="Jeu de base",$B$4,$B$5)),IF(N99="croisière",$B$6*SQRT(G99),"N/A")) -> N/A | P99: =IF(E99="propulsé",IF(ISNUMBER(O99),IF(AND(ISNUMBER(K99),ISNUMBER(L99)),MEDIAN(K99,L99,O99),IF(ISNUMBER(L99),L99,IF(ISNUMBER(K99),K99,O99))),IF(ISNUMBER(K99),K99,"N/A")),IF(E99="arme à feu",IF(ISNUMBER(J99),IF(ISNUMBER(K99),MIN(J99,K99),J99),"N/A"),"N/A")) -> N/A | Q99: =IF(NOT(ISNUMBER(P99)),"aucune vitesse définie",IF(E99="arme à feu",IF(AND(ISNUMBER(K99),ISNUMBER(J99),K99<J99),"vitesse max fixée (inférieure à la bouche)","vitesse initiale (bouche)"),IF(AND(ISNUMBER(K99),ISNUMBER(L99)),"médiane fichier / wiki / calcul",IF(ISNUMBER(L99),"wiki Delta-V",IF(ISNUMBER(K99),"vitesse fixée du fichier","calcul ("&N99&IF(AND(N99="fusée",M99>O99),", plafonné","")&")"))))) -> aucune vitesse définie | R99: =IF(ISNUMBER(P99),IF(E99="arme à feu",IF($B$10=1,P99,"N/A"),P99),"N/A") -> N/A | S99: =IF(ISNUMBER(R99),ROUND(1+9*(SUMPRODUCT(ISNUMBER($R$21:$R$153)*($R$21:$R$153<=R99))-1)/(COUNT($R$21:$R$153)-1),1),"N/A") -> N/A
A100: =B100&"|"&C100 -> Special Smoke|Jeu de base | B100: Special Smoke | C100: Jeu de base | D100: Énergie / équipement | E100: =IF(ISNUMBER(G100),"propulsé",IF(D100="Canon / mitrailleuse / lance-grenade","arme à feu","autre")) -> autre | F100: 0 | M100: =IF(AND(ISNUMBER(G100),ISNUMBER(H100),ISNUMBER(I100),ISNUMBER(F100)),IF(AND(G100>0,H100>0,I100>0,F100>I100),G100*H100/I100*LN(F100/(F100-I100)),"N/A"),"N/A") -> N/A | N100: =IF(ISNUMBER(M100),IF(AND(H100>=$B$7,G100/(F100*$B$9)<$B$8),"croisière","fusée"),"N/A") -> N/A | O100: =IF(N100="fusée",MIN(M100,IF(C100="Jeu de base",$B$4,$B$5)),IF(N100="croisière",$B$6*SQRT(G100),"N/A")) -> N/A | P100: =IF(E100="propulsé",IF(ISNUMBER(O100),IF(AND(ISNUMBER(K100),ISNUMBER(L100)),MEDIAN(K100,L100,O100),IF(ISNUMBER(L100),L100,IF(ISNUMBER(K100),K100,O100))),IF(ISNUMBER(K100),K100,"N/A")),IF(E100="arme à feu",IF(ISNUMBER(J100),IF(ISNUMBER(K100),MIN(J100,K100),J100),"N/A"),"N/A")) -> N/A | Q100: =IF(NOT(ISNUMBER(P100)),"aucune vitesse définie",IF(E100="arme à feu",IF(AND(ISNUMBER(K100),ISNUMBER(J100),K100<J100),"vitesse max fixée (inférieure à la bouche)","vitesse initiale (bouche)"),IF(AND(ISNUMBER(K100),ISNUMBER(L100)),"médiane fichier / wiki / calcul",IF(ISNUMBER(L100),"wiki Delta-V",IF(ISNUMBER(K100),"vitesse fixée du fichier","calcul ("&N100&IF(AND(N100="fusée",M100>O100),", plafonné","")&")"))))) -> aucune vitesse définie | R100: =IF(ISNUMBER(P100),IF(E100="arme à feu",IF($B$10=1,P100,"N/A"),P100),"N/A") -> N/A | S100: =IF(ISNUMBER(R100),ROUND(1+9*(SUMPRODUCT(ISNUMBER($R$21:$R$153)*($R$21:$R$153<=R100))-1)/(COUNT($R$21:$R$153)-1),1),"N/A") -> N/A
A101: =B101&"|"&C101 -> 20mm M61 Vulcan Cannon|Aryx F-16M | B101: 20mm M61 Vulcan Cannon | C101: Aryx F-16M | D101: Canon / mitrailleuse / lance-grenade | E101: =IF(ISNUMBER(G101),"propulsé",IF(D101="Canon / mitrailleuse / lance-grenade","arme à feu","autre")) -> arme à feu | F101: 0.27 | J101: 1100 | M101: =IF(AND(ISNUMBER(G101),ISNUMBER(H101),ISNUMBER(I101),ISNUMBER(F101)),IF(AND(G101>0,H101>0,I101>0,F101>I101),G101*H101/I101*LN(F101/(F101-I101)),"N/A"),"N/A") -> N/A | N101: =IF(ISNUMBER(M101),IF(AND(H101>=$B$7,G101/(F101*$B$9)<$B$8),"croisière","fusée"),"N/A") -> N/A | O101: =IF(N101="fusée",MIN(M101,IF(C101="Jeu de base",$B$4,$B$5)),IF(N101="croisière",$B$6*SQRT(G101),"N/A")) -> N/A | P101: =IF(E101="propulsé",IF(ISNUMBER(O101),IF(AND(ISNUMBER(K101),ISNUMBER(L101)),MEDIAN(K101,L101,O101),IF(ISNUMBER(L101),L101,IF(ISNUMBER(K101),K101,O101))),IF(ISNUMBER(K101),K101,"N/A")),IF(E101="arme à feu",IF(ISNUMBER(J101),IF(ISNUMBER(K101),MIN(J101,K101),J101),"N/A"),"N/A")) -> 1100 | Q101: =IF(NOT(ISNUMBER(P101)),"aucune vitesse définie",IF(E101="arme à feu",IF(AND(ISNUMBER(K101),ISNUMBER(J101),K101<J101),"vitesse max fixée (inférieure à la bouche)","vitesse initiale (bouche)"),IF(AND(ISNUMBER(K101),ISNUMBER(L101)),"médiane fichier / wiki / calcul",IF(ISNUMBER(L101),"wiki Delta-V",IF(ISNUMBER(K101),"vitesse fixée du fichier","calcul ("&N101&IF(AND(N101="fusée",M101>O101),", plafonné","")&")"))))) -> vitesse initiale (bouche) | R101: =IF(ISNUMBER(P101),IF(E101="arme à feu",IF($B$10=1,P101,"N/A"),P101),"N/A") -> 1100 | S101: =IF(ISNUMBER(R101),ROUND(1+9*(SUMPRODUCT(ISNUMBER($R$21:$R$153)*($R$21:$R$153<=R101))-1)/(COUNT($R$21:$R$153)-1),1),"N/A") -> 7.1
A102: =B102&"|"&C102 -> CBO-400|Aryx F-99 Shrike | B102: CBO-400 | C102: Aryx F-99 Shrike | D102: Bombe | E102: =IF(ISNUMBER(G102),"propulsé",IF(D102="Canon / mitrailleuse / lance-grenade","arme à feu","autre")) -> autre | F102: 400 | M102: =IF(AND(ISNUMBER(G102),ISNUMBER(H102),ISNUMBER(I102),ISNUMBER(F102)),IF(AND(G102>0,H102>0,I102>0,F102>I102),G102*H102/I102*LN(F102/(F102-I102)),"N/A"),"N/A") -> N/A | N102: =IF(ISNUMBER(M102),IF(AND(H102>=$B$7,G102/(F102*$B$9)<$B$8),"croisière","fusée"),"N/A") -> N/A | O102: =IF(N102="fusée",MIN(M102,IF(C102="Jeu de base",$B$4,$B$5)),IF(N102="croisière",$B$6*SQRT(G102),"N/A")) -> N/A | P102: =IF(E102="propulsé",IF(ISNUMBER(O102),IF(AND(ISNUMBER(K102),ISNUMBER(L102)),MEDIAN(K102,L102,O102),IF(ISNUMBER(L102),L102,IF(ISNUMBER(K102),K102,O102))),IF(ISNUMBER(K102),K102,"N/A")),IF(E102="arme à feu",IF(ISNUMBER(J102),IF(ISNUMBER(K102),MIN(J102,K102),J102),"N/A"),"N/A")) -> N/A | Q102: =IF(NOT(ISNUMBER(P102)),"aucune vitesse définie",IF(E102="arme à feu",IF(AND(ISNUMBER(K102),ISNUMBER(J102),K102<J102),"vitesse max fixée (inférieure à la bouche)","vitesse initiale (bouche)"),IF(AND(ISNUMBER(K102),ISNUMBER(L102)),"médiane fichier / wiki / calcul",IF(ISNUMBER(L102),"wiki Delta-V",IF(ISNUMBER(K102),"vitesse fixée du fichier","calcul ("&N102&IF(AND(N102="fusée",M102>O102),", plafonné","")&")"))))) -> aucune vitesse définie | R102: =IF(ISNUMBER(P102),IF(E102="arme à feu",IF($B$10=1,P102,"N/A"),P102),"N/A") -> N/A | S102: =IF(ISNUMBER(R102),ROUND(1+9*(SUMPRODUCT(ISNUMBER($R$21:$R$153)*($R$21:$R$153<=R102))-1)/(COUNT($R$21:$R$153)-1),1),"N/A") -> N/A
A103: =B103&"|"&C103 -> 20mm Autocannon|Aryx F-99 Shrike | B103: 20mm Autocannon | C103: Aryx F-99 Shrike | D103: Canon / mitrailleuse / lance-grenade | E103: =IF(ISNUMBER(G103),"propulsé",IF(D103="Canon / mitrailleuse / lance-grenade","arme à feu","autre")) -> arme à feu | F103: 0.15 | J103: 1000 | M103: =IF(AND(ISNUMBER(G103),ISNUMBER(H103),ISNUMBER(I103),ISNUMBER(F103)),IF(AND(G103>0,H103>0,I103>0,F103>I103),G103*H103/I103*LN(F103/(F103-I103)),"N/A"),"N/A") -> N/A | N103: =IF(ISNUMBER(M103),IF(AND(H103>=$B$7,G103/(F103*$B$9)<$B$8),"croisière","fusée"),"N/A") -> N/A | O103: =IF(N103="fusée",MIN(M103,IF(C103="Jeu de base",$B$4,$B$5)),IF(N103="croisière",$B$6*SQRT(G103),"N/A")) -> N/A | P103: =IF(E103="propulsé",IF(ISNUMBER(O103),IF(AND(ISNUMBER(K103),ISNUMBER(L103)),MEDIAN(K103,L103,O103),IF(ISNUMBER(L103),L103,IF(ISNUMBER(K103),K103,O103))),IF(ISNUMBER(K103),K103,"N/A")),IF(E103="arme à feu",IF(ISNUMBER(J103),IF(ISNUMBER(K103),MIN(J103,K103),J103),"N/A"),"N/A")) -> 1000 | Q103: =IF(NOT(ISNUMBER(P103)),"aucune vitesse définie",IF(E103="arme à feu",IF(AND(ISNUMBER(K103),ISNUMBER(J103),K103<J103),"vitesse max fixée (inférieure à la bouche)","vitesse initiale (bouche)"),IF(AND(ISNUMBER(K103),ISNUMBER(L103)),"médiane fichier / wiki / calcul",IF(ISNUMBER(L103),"wiki Delta-V",IF(ISNUMBER(K103),"vitesse fixée du fichier","calcul ("&N103&IF(AND(N103="fusée",M103>O103),", plafonné","")&")"))))) -> vitesse initiale (bouche) | R103: =IF(ISNUMBER(P103),IF(E103="arme à feu",IF($B$10=1,P103,"N/A"),P103),"N/A") -> 1000 | S103: =IF(ISNUMBER(R103),ROUND(1+9*(SUMPRODUCT(ISNUMBER($R$21:$R$153)*($R$21:$R$153<=R103))-1)/(COUNT($R$21:$R$153)-1),1),"N/A") -> 5.4
A104: =B104&"|"&C104 -> 20mm Rotary Cannon (Hi-RPM)|Aryx FS-41 Eclipse | B104: 20mm Rotary Cannon (Hi-RPM) | C104: Aryx FS-41 Eclipse | D104: Canon / mitrailleuse / lance-grenade | E104: =IF(ISNUMBER(G104),"propulsé",IF(D104="Canon / mitrailleuse / lance-grenade","arme à feu","autre")) -> arme à feu | F104: 0.27 | J104: 1250 | M104: =IF(AND(ISNUMBER(G104),ISNUMBER(H104),ISNUMBER(I104),ISNUMBER(F104)),IF(AND(G104>0,H104>0,I104>0,F104>I104),G104*H104/I104*LN(F104/(F104-I104)),"N/A"),"N/A") -> N/A | N104: =IF(ISNUMBER(M104),IF(AND(H104>=$B$7,G104/(F104*$B$9)<$B$8),"croisière","fusée"),"N/A") -> N/A | O104: =IF(N104="fusée",MIN(M104,IF(C104="Jeu de base",$B$4,$B$5)),IF(N104="croisière",$B$6*SQRT(G104),"N/A")) -> N/A | P104: =IF(E104="propulsé",IF(ISNUMBER(O104),IF(AND(ISNUMBER(K104),ISNUMBER(L104)),MEDIAN(K104,L104,O104),IF(ISNUMBER(L104),L104,IF(ISNUMBER(K104),K104,O104))),IF(ISNUMBER(K104),K104,"N/A")),IF(E104="arme à feu",IF(ISNUMBER(J104),IF(ISNUMBER(K104),MIN(J104,K104),J104),"N/A"),"N/A")) -> 1250 | Q104: =IF(NOT(ISNUMBER(P104)),"aucune vitesse définie",IF(E104="arme à feu",IF(AND(ISNUMBER(K104),ISNUMBER(J104),K104<J104),"vitesse max fixée (inférieure à la bouche)","vitesse initiale (bouche)"),IF(AND(ISNUMBER(K104),ISNUMBER(L104)),"médiane fichier / wiki / calcul",IF(ISNUMBER(L104),"wiki Delta-V",IF(ISNUMBER(K104),"vitesse fixée du fichier","calcul ("&N104&IF(AND(N104="fusée",M104>O104),", plafonné","")&")"))))) -> vitesse initiale (bouche) | R104: =IF(ISNUMBER(P104),IF(E104="arme à feu",IF($B$10=1,P104,"N/A"),P104),"N/A") -> 1250 | S104: =IF(ISNUMBER(R104),ROUND(1+9*(SUMPRODUCT(ISNUMBER($R$21:$R$153)*($R$21:$R$153<=R104))-1)/(COUNT($R$21:$R$153)-1),1),"N/A") -> 8.1
...
